,판매시간,홈쇼핑채널,제품명,소비자가,판매가,url
0,1시00분~2시00분,nsmall,유기농 슈퍼베리 아로니아분말 33통+선물용 쇼핑백 2개+스푼 11개,"159,000원","151,050원",http://hsmoa.com/i?id=8288453&from=web_timeline
1,6시40분~7시40분,hnsmall,닥터슈퍼칸 30캡슐 x 10박스 (10개월분),"165,000원","138,500원",http://hsmoa.com/i?id=8289149&from=web_timeline
2,,hnsmall,닥터슈퍼칸 30캡슐 x 10박스 (10개월분),,"138,500원",http://hsmoa.com/i?id=8289150&from=web_timeline
3,6시50분~7시50분,gsshop,[팔레오] 비타민나무 열매 15통+1통 더(청정 티벳산),"159,000원","158,000원",http://hsmoa.com/i?id=8288797&from=web_timeline
4,6시55분~7시50분,cjmall,[특집]독하게하자 풋사과 다이어트 시크릿 12주,"134,300원","119,870원",http://hsmoa.com/i?id=8288983&from=web_timeline
5,,cjmall,[핫이슈]독하게하자 풋사과 다이어트 시크릿 4주,,"128,000원",http://hsmoa.com/i?id=8288984&from=web_timeline
6,,cjmall,팔레오 비타민나무열매파우더15통,,"158,000원",http://hsmoa.com/i?id=8288985&from=web_timeline
7,,cjmall,[100억마리 여에스더유산균]프로바이오틱스 6병[12개월분],,"204,300원",http://hsmoa.com/i?id=8288986&from=web_timeline
8,,cjmall,[100억마리 여에스더유산균]프로바이오틱스 4병[8개월분],,"150,000원",http://hsmoa.com/i?id=8288987&from=web_timeline
9,,cjmall,[비비고 20봉] 왕교자6+김치왕교자4+군만두1+왕만두2+빠오즈7,,"39,900원",http://hsmoa.com/i?id=8288988&from=web_timeline
10,,cjmall,왕교자8+김치왕교자2+왕만두1+고추깻잎1+ 군만두1 + 왕빠오즈7,,"39,900원",http://hsmoa.com/i?id=8288989&from=web_timeline
11,,cjmall,CJ제일제당 맛밤 32봉,,"36,810원",http://hsmoa.com/i?id=8288990&from=web_timeline
12,7시21분~8시21분,gsmyshop,[카스]개인용 저주파자극기(저주파패드+부항기세트),,"59,800원",http://hsmoa.com/i?id=8289271&from=web_timeline
13,7시40분~8시40분,hnsmall,유기농 슈퍼베리 아로니아 세트 (아로니아 33통 + 쇼핑백2장),"159,000원","143,100원",http://hsmoa.com/i?id=8288817&from=web_timeline
14,,hnsmall,유기농 슈퍼베리 아로니아 세트 (아로니아 33통 + 쇼핑백2장),,"143,100원",http://hsmoa.com/i?id=8288818&from=web_timeline
15,7시45분~8시45분,hmall,일명 김지선 다이어트 휴럼 황후의 보이차 다이어트 (800mg*56정*3박스 총 12주분),"168,000원","150,300원",http://hsmoa.com/i?id=8288873&from=web_timeline
16,,hmall,일명 김지선 다이어트 휴럼 황후의 보이차 다이어트 (800mg*56정*3박스 총 12주분 + 깔라만시클렌즈 1박스),,"177,300원",http://hsmoa.com/i?id=8288874&from=web_timeline
17,,hmall,일명 김지선 다이어트 휴럼 황후의 보이차 다이어트(800mg*56정 총 4주분),,"139,000원",http://hsmoa.com/i?id=8288875&from=web_timeline
18,,cjmall,e차홍파우더]차홍뿌리볼륨파우더전고객7통+브러쉬+정품헤어캡2회,,"69,900원",http://hsmoa.com/i?id=8288999&from=web_timeline
19,15시00분~16시15분,gsshop,[오트리] 블랙에디션 고메넛츠 100봉,"89,900원","88,900원",http://hsmoa.com/i?id=8288800&from=web_timeline
20,19시29분~20시29분,gsmyshop,[넛츠피아]세븐믹스 오메가넛츠 108+2봉 추가증정,"89,900원","88,900원",http://hsmoa.com/i?id=8288706&from=web_timeline
21,21시15분~21시55분,hnsmall,놀부부대찌개,"41,900원","37,710원",http://hsmoa.com/i?id=8288840&from=web_timeline
22,21시55분~22시35분,hnsmall,[역대최다 62장] 이현우의 일품 떡갈비,"59,900원","53,910원",http://hsmoa.com/i?id=8288841&from=web_timeline
23,22시35분~23시35분,hnsmall,[마추피추푸드]테오브로마 카카오닙스 7통+휴대용용기 2개+보틀1개+보틀케이스1개,"109,000원","98,100원",http://hsmoa.com/i?id=8288842&from=web_timeline
24,,hnsmall,[마추피추푸드]테오브로마 카카오닙스 14통+휴대용용기 4개+보틀 2개+보틀케이스 2개,,"178,200원",http://hsmoa.com/i?id=8288845&from=web_timeline
25,,hnsmall,[마추피추푸드]테오브로마 카카오닙스 7통+휴대용용기 2개+보틀 1개+보틀케이스 1개,,"98,100원",http://hsmoa.com/i?id=8288843&from=web_timeline
26,,hnsmall,[마추피추푸드]테오브로마 카카오닙스 270gX3통,,"71,100원",http://hsmoa.com/i?id=8288846&from=web_timeline
27,,hnsmall,[마추피추푸드]테오브로마 카카오닙스 14통+휴대용용기 4개+보틀 2개+보틀케이스 2개,,"178,200원",http://hsmoa.com/i?id=8288844&from=web_timeline
28,2시56분~3시16분,gsmyshop,비타민하우스 ★판매 1위★ 온 가족 멀티비타민웰플러스 츄어블 멀티비타민 20개월분 (10병),"49,900원","48,900원",http://hsmoa.com/i?id=8288363&from=web_timeline
29,6시00분~7시20분,cjmall,[일동제약]비오비천 프리미엄 100억프로바이오틱스 16개월분 8병,"138,000원","137,000원",http://hsmoa.com/i?id=8288691&from=web_timeline
30,,cjmall,[일동제약]비오비천 프리미엄 프로바이오틱스 6개월분 3병,,"77,380원",http://hsmoa.com/i?id=8288694&from=web_timeline
31,,cjmall,[일동제약]비오비천 프리미엄 프로바이오틱스 8개월분4병,,"98,000원",http://hsmoa.com/i?id=8288695&from=web_timeline
32,,cjmall,[모링가]황성주 닥터모링가  8통,,"177,000원",http://hsmoa.com/i?id=8288697&from=web_timeline
33,,cjmall,[모링가]황성주 닥터모링가 1통,,"25,000원",http://hsmoa.com/i?id=8288705&from=web_timeline
34,,cjmall,[매그넘]매그넘 아이스크림 36개+비엔네타 딸기 아이스크림1개,,"38,510원",http://hsmoa.com/i?id=8288710&from=web_timeline
35,6시00분~7시20분,nsmall,NS단독! 눈영양제 루테인지아잔틴 총 10개월분,,"131,100원",http://hsmoa.com/i?id=8288443&from=web_timeline
36,6시25분~7시25분,hnsmall,정관장 홍삼진건 7박스(210포),"345,000원","310,500원",http://hsmoa.com/i?id=8288488&from=web_timeline
37,,hnsmall,정관장 홍삼진건 1박스(30포),,"62,100원",http://hsmoa.com/i?id=8288489&from=web_timeline
38,,hnsmall,[특집] 정관장 홍삼진건 7박스(210포),,"310,500원",http://hsmoa.com/i?id=8288491&from=web_timeline
39,,hnsmall,정관장 홍삼진건 4박스(120포),,"196,200원",http://hsmoa.com/i?id=8288490&from=web_timeline
40,7시20분~8시20분,nsmall,피에스타 안데스 브라질너트 100gX16봉,"159,000원","158,000원",http://hsmoa.com/i?id=8288444&from=web_timeline
41,,nsmall,피에스타 안데스 브라질너트 100gX8봉,,"89,000원",http://hsmoa.com/i?id=8288445&from=web_timeline
42,8시20분~9시25분,nsmall,(무이자)프리바이오틱스FOS플러스 9개월분+프로바이오틱스 3개월분,"178,000원","177,000원",http://hsmoa.com/i?id=8288446&from=web_timeline
43,,nsmall,(일시불)프리바이오틱스FOS플러스 9개월분+프로바이오틱스 3개월분,,"167,000원",http://hsmoa.com/i?id=8288447&from=web_timeline
44,,cjmall,Ce&Tae; Yong 남성 가을 스웻셔츠세트,,"88,000원",http://hsmoa.com/i?id=8288720&from=web_timeline
45,12시45분~14시00분,immall,[공영홈쇼핑 단독구성]국내산 반건조 민어 11미,"59,900원","58,900원",http://hsmoa.com/i?id=8288323&from=web_timeline
46,,immall,[공영홈쇼핑 단독구성]국내산 반건조 大민어 8미,,"58,900원",http://hsmoa.com/i?id=8288324&from=web_timeline
47,12시50분~13시55분,nsmall,"(무이자)정관장 홍삼정옥고(14+3병,쇼3)",,"348,000원",http://hsmoa.com/i?id=8288448&from=web_timeline
48,,nsmall,"(일시불)정관장 홍삼정옥고(14+3병,쇼3)",,"338,000원",http://hsmoa.com/i?id=8288449&from=web_timeline
49,13시50분~14시50분,cjmall,시리얼메이드 80봉,,"85,900원",http://hsmoa.com/i?id=8288721&from=web_timeline
50,,cjmall,조권의 통곡물 시리얼메이드 160봉,,"171,800원",http://hsmoa.com/i?id=8288722&from=web_timeline
51,,cjmall,조권의 통곡물 시리얼메이드40봉,,"41,680원",http://hsmoa.com/i?id=8288723&from=web_timeline
52,,cjmall,조권의 통곡물 시리얼메이드 30봉,,"31,240원",http://hsmoa.com/i?id=8288724&from=web_timeline
53,,cjmall,조권의 통곡물 시리얼메이드 20봉,,"20,800원",http://hsmoa.com/i?id=8288725&from=web_timeline
54,,cjmall,하루꽉찬 통곡물 시리얼160봉,,"139,030원",http://hsmoa.com/i?id=8288726&from=web_timeline
55,,cjmall,하루꽉찬통곡물시리얼40봉,,"34,460원",http://hsmoa.com/i?id=8288727&from=web_timeline
56,,cjmall,하루꽉찬통곡물시리얼50봉,,"43,420원",http://hsmoa.com/i?id=8288728&from=web_timeline
57,,cjmall,하루꽉찬통곡물시리얼10봉,,"8,620원",http://hsmoa.com/i?id=8288730&from=web_timeline
58,,cjmall,100% 내츄럴 브라질너트 120g 8봉,,"79,000원",http://hsmoa.com/i?id=8288729&from=web_timeline
59,,cjmall,정관장 홍삼 정마일드 1병,,"59,000원",http://hsmoa.com/i?id=8289204&from=web_timeline
60,,cjmall,[정관장홍삼정] 홍삼정 마일드 9병,,"353,700원",http://hsmoa.com/i?id=8289205&from=web_timeline
61,14시00분~15시15분,immall,고기명가 가마솥 수육 세트 20팩,"59,900원","58,900원",http://hsmoa.com/i?id=8288325&from=web_timeline
62,16시05분~17시15분,nsmall,(무이자)이경제 황제침향원 65환,"398,000원","378,100원",http://hsmoa.com/i?id=8288450&from=web_timeline
63,,nsmall,(일시불)이경제 황제침향원 65환,,"388,000원",http://hsmoa.com/i?id=8288451&from=web_timeline
64,16시30분~17시30분,immall,농협디딜향떡세트 (영양찰떡3팩+찹쌀떡2팩),"40,900원","39,900원",http://hsmoa.com/i?id=8288326&from=web_timeline
65,17시25분~18시05분,hnsmall,한복선토시살 300g x 12팩 (3.6kg),"59,900원","53,910원",http://hsmoa.com/i?id=8288531&from=web_timeline
66,17시27분~18시27분,gsmyshop,[myshop] 제주 大 은갈치 5미 20토막,,"79,900원",http://hsmoa.com/i?id=8288376&from=web_timeline
67,18시00분~18시55분,nsmall,이롬 황성주1일1생식 4박스/16주분+new전동쉐이커 1개+검은콩깨쌀두유 2박스+쇼핑백 2장,"198,000원","187,150원",http://hsmoa.com/i?id=8288452&from=web_timeline
68,18시05분~18시45분,hnsmall,이동삼 안동간고등어 32팩 (필렛형),"40,900원","36,810원",http://hsmoa.com/i?id=8288532&from=web_timeline
69,19시29분~20시29분,gsmyshop,홍진경 더김치 포기김치 7kg,"40,900원","39,900원",http://hsmoa.com/i?id=8288377&from=web_timeline
70,19시30분~20시30분,immall,참맛 영광 법성포 보리굴비,"99,000원","98,000원",http://hsmoa.com/i?id=8288327&from=web_timeline
71,20시30분~21시35분,immall,나비골 여수갓김치 6kg+고들빼기2kg 총8kg!!,"40,900원","39,900원",http://hsmoa.com/i?id=8288328&from=web_timeline
72,21시30분~22시30분,cjmall,[CJ단독] 루미 다이어트,"598,000원","593,000원",http://hsmoa.com/i?id=8288760&from=web_timeline
73,,cjmall,[리퍼특가] 루미 다이어트LumiDiet,,"480,570원",http://hsmoa.com/i?id=8288761&from=web_timeline
74,,cjmall,"[병당 3,317원] 버넬 10weeks 12종",,"39,800원",http://hsmoa.com/i?id=8288779&from=web_timeline
75,,cjmall,[여행용 팩키지]올그라운드 프로폴리 뉴트리션 치약,,"79,000원",http://hsmoa.com/i?id=8288782&from=web_timeline
76,21시30분~22시30분,gsshop,GS홍삼제품중 매출1위정관장 뉴 홍삼천국 총 7박스(7개월분),,"345,000원",http://hsmoa.com/i?id=8288439&from=web_timeline
77,22시25분~23시05분,hnsmall,한복선 사골 도가니탕 14팩+도가니탕수육 4팩,"40,900원","36,810원",http://hsmoa.com/i?id=8288536&from=web_timeline
78,,hnsmall,한복선 도가니탕 수육 10팩,,"44,910원",http://hsmoa.com/i?id=8288537&from=web_timeline
79,1시00분~2시00분,cjmall,[특집]독하게하자 풋사과 다이어트 시크릿 12주,"134,300원","119,870원",http://hsmoa.com/i?id=8288347&from=web_timeline
80,,cjmall,[핫이슈]독하게하자 풋사과 다이어트 시크릿 4주,,"128,000원",http://hsmoa.com/i?id=8288350&from=web_timeline
81,6시15분~7시15분,immall,[김문호 원장의 한국인 맞춤 다이어트]감비천 13주 프로그램,"99,000원","98,000원",http://hsmoa.com/i?id=8286559&from=web_timeline
82,7시21분~8시21분,gsmyshop,GSMYSHOP[이경제의 더힘찬]홍삼품은장어120포(60ml*30포*4박스),"159,000원","158,000원",http://hsmoa.com/i?id=8286666&from=web_timeline
83,8시15분~9시25분,immall,[풍기인삼농협]홍삼정 올데이수 120포_3,,"109,000원",http://hsmoa.com/i?id=8286561&from=web_timeline
84,,immall,[풍기인삼농협]홍삼정 올데이 秀 10ml*30포,,"58,900원",http://hsmoa.com/i?id=8286562&from=web_timeline
85,9시25분~10시25분,immall,[농협안심] 농협안심때죽나무꿀500g×4병,"57,900원","56,900원",http://hsmoa.com/i?id=8286563&from=web_timeline
86,10시50분~11시30분,hnsmall,한삼인 매일 홍삼정 세트 (총 190포),"198,000원","178,200원",http://hsmoa.com/i?id=8287049&from=web_timeline
87,,hnsmall,한삼인 매일 홍삼정 세트 (총 190포),,"178,200원",http://hsmoa.com/i?id=8287051&from=web_timeline
88,,hnsmall,한삼인 매일 홍삼정 60포,,"76,500원",http://hsmoa.com/i?id=8287050&from=web_timeline
89,11시35분~12시40분,gsshop,[종가집] 중부식 포기김치 5.5kg+포기김치 5.5kg 더!,,"62,900원",http://hsmoa.com/i?id=8286685&from=web_timeline
90,,gsshop,[종가집] 전라도식 포기김치 5.5kg+포기김치 5.5kg 더!,,"62,900원",http://hsmoa.com/i?id=8286686&from=web_timeline
91,11시35분~12시40분,nsmall,전철우 LA갈비 8팩,"79,900원","71,910원",http://hsmoa.com/i?id=8286742&from=web_timeline
92,11시40분~12시40분,immall,[TV홈쇼핑 유일!브라질넛과 사차인치가 한봉에]프리미엄 원데이슈퍼넛츠(20gx105봉),,"79,900원",http://hsmoa.com/i?id=8286564&from=web_timeline
93,,immall,프리미엄 원데이슈퍼넛츠(20gx20봉),,"25,000원",http://hsmoa.com/i?id=8286565&from=web_timeline
94,12시40분~13시40분,nsmall,"(무이자)정관장 홍삼정 마일드 센스(5+1,쇼6)","365,000원","364,000원",http://hsmoa.com/i?id=8286743&from=web_timeline
95,,nsmall,"(일시불)정관장 홍삼정 마일드 센스(5+1,쇼6)",,"354,000원",http://hsmoa.com/i?id=8286744&from=web_timeline
96,13시06분~13시26분,gsmyshop,제주직송 돌밭하우스감귤 2.5kg + 2.5Kg,"42,900원","39,900원",http://hsmoa.com/i?id=8289186&from=web_timeline
97,13시40분~14시40분,immall,강봉석명인 도라지 조청세트,,"59,900원",http://hsmoa.com/i?id=8286566&from=web_timeline
98,14시40분~15시40분,immall,[특집]성산포수협 제주 은갈치(90cm내외*8미),"64,900원","63,900원",http://hsmoa.com/i?id=8289127&from=web_timeline
99,14시53분~15시30분,hnsmall,유기농백미누룽지 10봉 + 간편찹쌀누룽지 4박스(20봉) 총30봉,"39,900원","35,910원",http://hsmoa.com/i?id=8286647&from=web_timeline
100,15시10분~15시40분,gsshop,[서울대공동개발] 배로 맛있는 약콩두유190ml*24팩*3박스,"59,900원","58,900원",http://hsmoa.com/i?id=8286692&from=web_timeline
101,15시30분~16시30분,cjmall,CJ장유산균 [cjlp-243] 캡슐형 6병_12개월분,"99,000원","78,000원",http://hsmoa.com/i?id=8288402&from=web_timeline
102,16시40분~17시30분,immall,[다산] 영양청결고춧가루 (1kg*3봉) / 총 3kg,"72,900원","71,900원",http://hsmoa.com/i?id=8286567&from=web_timeline
103,16시40분~17시40분,lottemall,[에드워드권 홈세프]O 에드워드권의 홈셰프 궁중너비아니 30팩+1팩(총 62장),,"59,900원",http://hsmoa.com/i?id=8286600&from=web_timeline
104,17시10분~17시50분,hnsmall,세븐 견과&후르츠 프리미엄 115봉,"59,900원","53,910원",http://hsmoa.com/i?id=8288939&from=web_timeline
105,,hnsmall,세븐 견과&후르츠 115봉,,"53,910원",http://hsmoa.com/i?id=8288940&from=web_timeline
106,17시50분~18시30분,hnsmall,[서귀포한라] 제주 황금향 2kg x 2박스 (총4kg),"43,900원","39,510원",http://hsmoa.com/i?id=8289301&from=web_timeline
107,18시30분~19시10분,hnsmall,[완도참전복] 活 대전복 24미 (대사이즈 / 중량  1.56Kg 이상),"69,900원","62,910원",http://hsmoa.com/i?id=8286649&from=web_timeline
108,18시35분~19시35분,nsmall,"(무이자)정관장 홍삼진황(3+1,쇼4)","378,000원","377,000원",http://hsmoa.com/i?id=8286745&from=web_timeline
109,,nsmall,"(일시불)정관장 홍삼진황(3+1,쇼4)",,"372,000원",http://hsmoa.com/i?id=8286746&from=web_timeline
110,18시40분~19시35분,hmall,영광 모시송편,,"39,900원",http://hsmoa.com/i?id=8286718&from=web_timeline
111,18시40분~19시40분,immall,"고기명가우리소모듬구이세트2.7kg(등심6,차돌3,불고기3)","59,900원","58,900원",http://hsmoa.com/i?id=8286569&from=web_timeline
112,19시40분~20시45분,gsshop,정관장 화애락큐 4박스 (총 4개월분),,"390,000원",http://hsmoa.com/i?id=8286706&from=web_timeline
113,19시50분~20시30분,hnsmall,무교동 유정낙지 8팩 + 3팩 (총 11팩 /소스 11팩 포함),"43,900원","39,510원",http://hsmoa.com/i?id=8286650&from=web_timeline
114,,hnsmall,무교동 유정낙지 11팩 + 유정낙지만두 3봉,,"48,510원",http://hsmoa.com/i?id=8286652&from=web_timeline
115,,hnsmall,[무교동 유정낙지] 낙지왕만두 3팩 + 불낙왕만두 4팩,,"29,700원",http://hsmoa.com/i?id=8286651&from=web_timeline
116,,hnsmall,[무교동 유정낙지] 낙지왕만두 4팩 + 불낙왕만두 3팩,,"29,700원",http://hsmoa.com/i?id=8286653&from=web_timeline
117,20시40분~21시40분,nsmall,이롬 황성주1일1생식 4박스/16주분+new전동쉐이커 1개+검은콩깨쌀두유 2박스+쇼핑백 2장,"198,000원","187,150원",http://hsmoa.com/i?id=8286748&from=web_timeline
118,21시10분~22시10분,hnsmall,"폴리코사놀 총9개월 분 [특별 프로모션 일시불 15,000원]","234,100원","195,690원",http://hsmoa.com/i?id=8286655&from=web_timeline
119,,hnsmall,"폴리코사놀 총9개월 분 [특별 프로모션 일시불 15,000원]",,"195,690원",http://hsmoa.com/i?id=8286656&from=web_timeline
120,21시45분~22시40분,immall,솔티애떡세트 두텁떡60개+인절미40개 총 100개,"40,900원","39,900원",http://hsmoa.com/i?id=8287047&from=web_timeline
121,22시10분~22시50분,hnsmall,추억의 쥐포 세트 80+40 (총120장),"42,900원","38,610원",http://hsmoa.com/i?id=8286657&from=web_timeline
122,,hnsmall,추억의 대왕쥐포 세트 총 35장 (대왕 사이즈),,"38,610원",http://hsmoa.com/i?id=8286658&from=web_timeline
123,22시45분~23시55분,nsmall,전철우 LA갈비 8팩,"79,900원","71,910원",http://hsmoa.com/i?id=8286749&from=web_timeline
124,1시00분~2시00분,nsmall,혈관팔팔 피부팔팔 총 3박스/3개월분,"158,400원","140,980원",http://hsmoa.com/i?id=8285914&from=web_timeline
125,1시25분~2시25분,immall,우리바다 자연산 손질 통낙지 1.5kg,"59,900원","58,900원",http://hsmoa.com/i?id=8285221&from=web_timeline
126,2시00분~3시20분,nsmall,팔레오 스윗 로우 카카오닙스 총 12병(270gX6병+72gX6병),"159,800원","158,800원",http://hsmoa.com/i?id=8287624&from=web_timeline
127,,nsmall,팔레오 스윗 로우 카카오닙스 총 6병(270gX3병+72gX3병),,"88,900원",http://hsmoa.com/i?id=8287625&from=web_timeline
128,,nsmall,NEW 어네스트 파인애플 발효식초 총 10병,,"49,430원",http://hsmoa.com/i?id=8287627&from=web_timeline
129,2시25분~3시25분,immall,수퍼루테인 아이포뮬라(30캡슐*13병/13개월),"59,900원","58,900원",http://hsmoa.com/i?id=8285222&from=web_timeline
130,3시25분~4시25분,immall,[다담은]국내산 손질문어 180g*10팩,"56,900원","55,900원",http://hsmoa.com/i?id=8285223&from=web_timeline
131,4시25분~5시25분,immall,김호윤쉐프의 풍미가득 함박스테이크 25팩,"49,900원","48,900원",http://hsmoa.com/i?id=8285224&from=web_timeline
132,5시30분~6시00분,gsshop,[쿠키아] 뚜부과자 총 13봉(오곡8봉+뚜부3봉+갓뚜부2봉),,"29,900원",http://hsmoa.com/i?id=8286826&from=web_timeline
133,5시55분~7시15분,hmall,[미리주문]슬림엣지 애프터슬림(풋사과다이어트),"158,000원","133,200원",http://hsmoa.com/i?id=8285334&from=web_timeline
134,,hmall,슬림엣지 애프터슬림(풋사과다이어트),,"148,000원",http://hsmoa.com/i?id=8285335&from=web_timeline
135,,hmall,[단품]애프터슬림 풋사과 다이어트,,"128,000원",http://hsmoa.com/i?id=8285336&from=web_timeline
136,6시00분~6시35분,nsmall,자연한알 오리지널 6병+레시피,"59,000원","52,200원",http://hsmoa.com/i?id=8287634&from=web_timeline
137,6시10분~7시10분,hnsmall,퓨어 아사이베리 14팩(총420g),"153,000원","137,700원",http://hsmoa.com/i?id=8285235&from=web_timeline
138,,hnsmall,퓨어 아사이베리 14팩(총420g),,"137,700원",http://hsmoa.com/i?id=8285414&from=web_timeline
139,,hnsmall,퓨어 아사이베리 4팩(총120g),,"49,410원",http://hsmoa.com/i?id=8285236&from=web_timeline
140,6시15분~7시15분,immall,백수오궁 5개월[식품의약품안전처 검사명령제 원료확인],"279,000원","278,000원",http://hsmoa.com/i?id=8285227&from=web_timeline
141,7시15분~8시15분,immall,리프리놀 3박스,"168,000원","167,000원",http://hsmoa.com/i?id=8285228&from=web_timeline
142,9시20분~10시25분,nsmall,이안愛 아마존 브라질너트 1+1,"159,000원","158,000원",http://hsmoa.com/i?id=8285915&from=web_timeline
143,,nsmall,이안愛 아마존 브라질너트,,"89,000원",http://hsmoa.com/i?id=8285916&from=web_timeline
144,10시25분~11시35분,nsmall,"(무이자)정관장 홍삼정 마일드 센스(5+1,쇼6)","365,000원","364,000원",http://hsmoa.com/i?id=8285917&from=web_timeline
145,,nsmall,"(일시불)정관장 홍삼정 마일드 센스(5+1,쇼6)",,"354,000원",http://hsmoa.com/i?id=8285918&from=web_timeline
146,10시30분~11시30분,hnsmall,하와이안 스피루리나 GOLD 11박스 (총 11개월분),"149,000원","134,100원",http://hsmoa.com/i?id=8285257&from=web_timeline
147,,hnsmall,하와이안 스피루리나 분말 3박스(1.1gX30포X3박스),,"53,910원",http://hsmoa.com/i?id=8285261&from=web_timeline
148,,hnsmall,하와이안 스피루리나 GOLD 11박스 (총 11개월분),,"134,100원",http://hsmoa.com/i?id=8285259&from=web_timeline
149,10시33분~11시32분,shopnt,삼육 검은콩과 칼슘 + 삼육두유 (총 105팩),"45,900원","44,900원",http://hsmoa.com/i?id=8287955&from=web_timeline
150,11시32분~12시32분,shopnt,"[영광군수협] 몸愛좋은 영광굴비 20팩 (총 40미, 1미당 80g이상)","78,900원","77,900원",http://hsmoa.com/i?id=8287956&from=web_timeline
151,,shopnt,"[영광군수협] 몸愛좋은 영광굴비 20팩 (총 40미, 1미당 70g이상)",,"67,900원",http://hsmoa.com/i?id=8287957&from=web_timeline
152,11시45분~12시05분,gsmyshop,[골든가든] 다모인 맥주효모 150g *4통,"59,900원","58,900원",http://hsmoa.com/i?id=8285321&from=web_timeline
153,12시32분~12시44분,shopnt,[직][농마드] 서천 재래 바스락 반장김 18봉+도시락김 24봉 [테마_방송],"22,900원","21,900원",http://hsmoa.com/i?id=8287958&from=web_timeline
154,12시40분~13시40분,immall,제주고사리 300g*4팩+제주 깐도라지150*3팩,"39,900원","38,900원",http://hsmoa.com/i?id=8287991&from=web_timeline
155,,immall,제주 어랑진 햇고사리 2.4kg(삶은 생-손질고사리),,"38,900원",http://hsmoa.com/i?id=8287992&from=web_timeline
156,12시46분~13시06분,gsmyshop,네이처셀 영양 반딧불이 국산 100% 만들어 먹는 고로쇠 고추장,,"40,900원",http://hsmoa.com/i?id=8285323&from=web_timeline
157,13시40분~14시40분,immall,[해칠초]해초샐러드 7g*40봉,"49,900원","48,900원",http://hsmoa.com/i?id=8285230&from=web_timeline
158,13시40분~14시40분,nsmall,(일시불)아이세이프 루테인 총 10박스/10개월분+비타민D 2병/4개월분+쇼핑백 1장,"138,000원","137,000원",http://hsmoa.com/i?id=8285920&from=web_timeline
159,,nsmall,(무이자)아이세이프 루테인 총 10박스/10개월분+비타민D 2병/4개월분+쇼핑백 1장,,"139,650원",http://hsmoa.com/i?id=8285921&from=web_timeline
160,15시20분~15시50분,hnsmall,[뉴욕직수입] 주니어스 치즈케이크 6인치 오리지널 2개 SET,"69,900원","62,910원",http://hsmoa.com/i?id=8285277&from=web_timeline
161,,hnsmall,[뉴욕직수입] 주니어스 치즈케이크 6인치 오리지널 홀케익 (680g),,"39,510원",http://hsmoa.com/i?id=8285280&from=web_timeline
162,,hnsmall,[뉴욕직수입] 주니어스 치즈케이크 6인치 오리지널 2개 SET,,"62,910원",http://hsmoa.com/i?id=8285282&from=web_timeline
163,15시30분~16시05분,nsmall,LA갈비순수원육세트,"114,900원","113,900원",http://hsmoa.com/i?id=8287636&from=web_timeline
164,15시40분~16시30분,immall,32년전통 장충동 흑돼지 족발세트,"42,900원","41,900원",http://hsmoa.com/i?id=8289180&from=web_timeline
165,15시43분~16시42분,shopnt,[1+1세트] 사옹원 명절모둠전 세트,"59,900원","58,900원",http://hsmoa.com/i?id=8287964&from=web_timeline
166,,shopnt,사옹원 명절모둠전 세트,,"38,900원",http://hsmoa.com/i?id=8287965&from=web_timeline
167,15시46분~16시06분,gsmyshop,"[경북 예천] 청결 고추가루 500g * 6봉, 총 3kg",,"69,900원",http://hsmoa.com/i?id=8285329&from=web_timeline
168,15시50분~16시30분,hnsmall,[특집] 고래사 어우동 세트(어우동 6+어짬뽕 3),"42,900원","38,610원",http://hsmoa.com/i?id=8286765&from=web_timeline
169,,hnsmall,[특집] 고래사 어짬뽕 9봉,,"38,610원",http://hsmoa.com/i?id=8286766&from=web_timeline
170,,hnsmall,[특집] 고래사 어우동 9봉,,"38,610원",http://hsmoa.com/i?id=8286767&from=web_timeline
171,16시40분~17시40분,gsshop,올반 두툼 떡갈비 1팩 더[신세계푸드] 올반 1+ 명품 한우불고기 10팩,"89,900원","88,900원",http://hsmoa.com/i?id=8285377&from=web_timeline
172,,gsshop,[신세계푸드] 올반 짬뽕만두+고기만두 총 15팩 세트,,"39,900원",http://hsmoa.com/i?id=8285378&from=web_timeline
173,16시50분~17시40분,hmall,(직)[천하일미] 홍석천 이원일의 떡갈비 콤보(매콤 떡갈비 30장+전통 떡갈비 30장),,"59,900원",http://hsmoa.com/i?id=8285354&from=web_timeline
174,,hmall,(직)[천하일미] 홍석천 이원일의 소불고기 콤보(매콤 7팩+전통 7팩+전골육수 6팩),,"59,900원",http://hsmoa.com/i?id=8285355&from=web_timeline
175,17시13분~17시50분,hnsmall,알렉스 튀겨나온 돈까스 22봉 + 소스 22봉 + 치즈 2봉,"50,900원","45,810원",http://hsmoa.com/i?id=8286039&from=web_timeline
176,17시40분~18시40분,immall,한우1등급 등심200g*3 + 불고기200g*2 + 국거리 200g 총 1.2kg,"79,900원","78,900원",http://hsmoa.com/i?id=8287570&from=web_timeline
177,17시50분~18시40분,lottemall,미국 허니듀 메론 12kg(5-6과),,"38,900원",http://hsmoa.com/i?id=8289274&from=web_timeline
178,18시35분~19시40분,nsmall,(일시불)울트라플로라 프로바이오틱스 블루 6병,,"207,000원",http://hsmoa.com/i?id=8285922&from=web_timeline
179,,nsmall,(무이자)울트라플로라 프로바이오틱스 블루 6병,,"227,000원",http://hsmoa.com/i?id=8285923&from=web_timeline
180,,nsmall,(일시불)여에스더 울트라플로라 프로바이오틱스 블루 총 4병/8개월분+휴대용기,,"150,000원",http://hsmoa.com/i?id=8285924&from=web_timeline
181,,nsmall,(무이자)여에스더 울트라플로라 프로바이오틱스 블루 총 4병/8개월분+휴대용기,,"170,000원",http://hsmoa.com/i?id=8285925&from=web_timeline
182,18시40분~19시40분,immall,[산지직송]완도 대전복 17미,"50,900원","49,900원",http://hsmoa.com/i?id=8286091&from=web_timeline
183,19시29분~20시29분,gsmyshop,[미미네떡볶이] 홍대 맛집 국물떡볶이 10팩,"39,900원","38,900원",http://hsmoa.com/i?id=8285332&from=web_timeline
184,19시30분~20시10분,hnsmall,CJ 맛밤 총 37봉 (60g*37봉),"49,900원","44,910원",http://hsmoa.com/i?id=8285290&from=web_timeline
185,,hnsmall,CJ 맛밤 총 37봉 (60g*37봉),,"44,910원",http://hsmoa.com/i?id=8285292&from=web_timeline
186,19시35분~20시40분,hmall,[미리주문]홍삼정마일드 센스 10ml * 30포 * 5박스 + 특별구성 10ml * 30포 * 1박스,"365,000원","355,000원",http://hsmoa.com/i?id=8287885&from=web_timeline
187,,hmall,홍삼정마일드 센스 10ml * 30포 * 1박스,,"73,000원",http://hsmoa.com/i?id=8287886&from=web_timeline
188,20시10분~20시50분,hnsmall,본죽 장조림 총 15팩 (본쇠고기6팩+본쇠고기메추리알9팩),"59,900원","53,910원",http://hsmoa.com/i?id=8285294&from=web_timeline
189,,hnsmall,본 한우 설렁탕 총 15팩 (팩당 450g),,"39,510원",http://hsmoa.com/i?id=8285295&from=web_timeline
190,,hnsmall,[본죽] 통단팥죽 8팩 +오징어초무침 1팩,,"28,710원",http://hsmoa.com/i?id=8285297&from=web_timeline
191,,hnsmall,[본죽] 쇠고기죽 8팩 + 오징어초무침 1팩,,"28,710원",http://hsmoa.com/i?id=8285296&from=web_timeline
192,,hnsmall,[본죽] 전복버섯죽 8팩 + 오징어초무침 1팩,,"29,610원",http://hsmoa.com/i?id=8285298&from=web_timeline
193,20시40분~21시40분,gsshop,[산지애]씻어나온 햇사과 3박스 총 9kg(홍로)+사과주스9팩,"59,900원","58,900원",http://hsmoa.com/i?id=8287420&from=web_timeline
194,20시40분~21시45분,immall,반건조 손질 우럭 230g×12미,"59,900원","58,900원",http://hsmoa.com/i?id=8285233&from=web_timeline
195,20시40분~21시40분,nsmall,(일시불)아이세이프 루테인 총 10박스/10개월분+비타민D 2병/4개월분+쇼핑백 1장,"138,000원","137,000원",http://hsmoa.com/i?id=8285926&from=web_timeline
196,,nsmall,(무이자)아이세이프 루테인 총 10박스/10개월분+비타민D 2병/4개월분+쇼핑백 1장,,"139,650원",http://hsmoa.com/i?id=8285927&from=web_timeline
197,20시45분~21시45분,lottemall,[NEW고메세트] 에피로스 오리지널 페타치즈 200g*3개 + 에피로스 마누리 치즈 200g*3개 + 코로니다 올리브 스프레드 190g*1병,,"88,900원",http://hsmoa.com/i?id=8287688&from=web_timeline
198,,lottemall,[에피로스][단품] 코로니다 칼라마타 올리브 스프레드 (190g*1병),,"24,000원",http://hsmoa.com/i?id=8285395&from=web_timeline
199,,lottemall,[단품] 에피로스 오리지널 페타치즈 (200g*1개),,"18,800원",http://hsmoa.com/i?id=8285396&from=web_timeline
200,,lottemall,[단품] 에피로스 마누리 치즈 200g,,"21,900원",http://hsmoa.com/i?id=8287843&from=web_timeline
201,20시50분~21시30분,hnsmall,고려은단 비타민C 골드 플러스,"95,000원","85,500원",http://hsmoa.com/i?id=8285299&from=web_timeline
202,,hnsmall,고려은단 비타민C 골드 플러스 240정 (1박스),,"48,510원",http://hsmoa.com/i?id=8285301&from=web_timeline
203,21시30분~22시10분,hnsmall,임성근의 수제포 갈비살,"70,900원","63,810원",http://hsmoa.com/i?id=8285302&from=web_timeline
204,,hnsmall,임성근의 통쭈꾸미 불고기 6팩,,"30,510원",http://hsmoa.com/i?id=8285303&from=web_timeline
205,22시40분~23시45분,immall,가마솥 진국 갈비탕 10팩,"59,900원","58,900원",http://hsmoa.com/i?id=8286006&from=web_timeline
206,22시50분~23시30분,hnsmall,팽현숙 옛날 순대국 총 20인분 (육수+옛날순대+국밥고기+양념장+들깨가루),"43,900원","39,510원",http://hsmoa.com/i?id=8285304&from=web_timeline
207,,hnsmall,팽현숙 옛날순대 6팩 + 국밥고기 6팩,,"39,510원",http://hsmoa.com/i?id=8285305&from=web_timeline
208,23시30분~0시10분,hnsmall,마시는 곤약 세트 50개(포도+오렌지+사과),"59,900원","53,910원",http://hsmoa.com/i?id=8285306&from=web_timeline
209,,hnsmall,마시는 곤약 포도(50개),,"53,910원",http://hsmoa.com/i?id=8288634&from=web_timeline
210,,hnsmall,마시는 곤약 오렌지(50개),,"53,910원",http://hsmoa.com/i?id=8288636&from=web_timeline
211,,hnsmall,마시는 곤약 사과(50개),,"53,910원",http://hsmoa.com/i?id=8288635&from=web_timeline
212,,hnsmall,[빈플러스]프라넬 블랜드 원두 2종,,"13,500원",http://hsmoa.com/i?id=8285945&from=web_timeline
213,1시00분~2시00분,nsmall,니트로 콜드브루 커피,"49,900원","44,910원",http://hsmoa.com/i?id=8287569&from=web_timeline
214,1시50분~2시40분,immall,녹용십칠품(48g x 4ea) x 3박스 + 약탕기,"169,000원","168,000원",http://hsmoa.com/i?id=8287701&from=web_timeline
215,,immall,녹용십칠품*3박스,,"148,000원",http://hsmoa.com/i?id=8287650&from=web_timeline
216,,immall,[단품]녹용십칠품*1박스,,"99,000원",http://hsmoa.com/i?id=8287651&from=web_timeline
217,1시59분~2시19분,lotteonetv,이봉원의 소갈비살구이 7팩 + 안창살구이 1팩 (총 3.8kg),"69,900원","68,900원",http://hsmoa.com/i?id=8288190&from=web_timeline
218,2시00분~3시10분,nsmall,전철우 LA갈비 초이스 500gX7팩,"79,900원","71,010원",http://hsmoa.com/i?id=8287184&from=web_timeline
219,,nsmall,알로에 아보레센스 총 16통/16개월분,,"123,300원",http://hsmoa.com/i?id=8287187&from=web_timeline
220,,nsmall,알로에 아보레센스 총 8통/8개월분,,"70,200원",http://hsmoa.com/i?id=8287188&from=web_timeline
221,2시19분~2시39분,lotteonetv,브라질 너트 10팩,"78,900원","77,900원",http://hsmoa.com/i?id=8288191&from=web_timeline
222,2시39분~2시59분,lotteonetv,삼육검은콩과칼슘 두유105팩세트(검은콩과칼슘75팩+삼육파우치30팩),"45,900원","44,900원",http://hsmoa.com/i?id=8288192&from=web_timeline
223,2시40분~3시40분,immall,국내산 키조개 관자와 꼭지,"45,900원","44,900원",http://hsmoa.com/i?id=8286839&from=web_timeline
224,2시50분~3시30분,hnsmall,놀부부대찌개,"41,900원","37,710원",http://hsmoa.com/i?id=8285709&from=web_timeline
225,2시59분~3시09분,lotteonetv,[R]삼육검은콩과칼슘 두유105팩세트(검은콩과칼슘75팩+삼육파우치30팩),"45,900원","44,900원",http://hsmoa.com/i?id=8288193&from=web_timeline
226,3시40분~4시30분,immall,김정문의 섬진강재첩국 20팩,"65,900원","64,900원",http://hsmoa.com/i?id=8286840&from=web_timeline
227,3시50분~6시00분,nsmall,유기농 동결건조 아로니아분말 총 18통+스푼 9개,"159,000원","158,000원",http://hsmoa.com/i?id=8287189&from=web_timeline
228,,nsmall,유기농 동결건조 아로니아분말 총 14통+스푼 7개,,"128,000원",http://hsmoa.com/i?id=8287190&from=web_timeline
229,,nsmall,한복선 영양 양곰탕 600gX13팩+양곰탕 수육 200gX6팩,,"44,910원",http://hsmoa.com/i?id=8287191&from=web_timeline
230,,nsmall,마캐는 젊은농부들 안동참마분말 4박스(120포)+쉐이커 500ml+다용도 참마분말 1팩(300g),,"55,890원",http://hsmoa.com/i?id=8287192&from=web_timeline
231,,nsmall,영광군 농협 햅쌀 10kg+10kg,,"41,400원",http://hsmoa.com/i?id=8287196&from=web_timeline
232,4시30분~5시30분,gsshop,★추석 전 마지막 생방송★[이경제의 더힘찬]홍삼품은 장어 120포 (60ml*30포*4박스),"159,000원","158,000원",http://hsmoa.com/i?id=8289235&from=web_timeline
233,4시38분~4시58분,gsmyshop,[아비삭과일칩] 딸기/사과/배/감/귤/무화과 총 22봉,,"40,900원",http://hsmoa.com/i?id=8289194&from=web_timeline
234,5시15분~6시15분,immall,김정배 명태회무침 12통,"49,900원","48,900원",http://hsmoa.com/i?id=8285078&from=web_timeline
235,6시00분~7시15분,cjmall,오하루 자연가득 석류즙 4+2박스 126포 / 100% 석류과즙,"129,000원","128,000원",http://hsmoa.com/i?id=8285240&from=web_timeline
236,,cjmall,오하루 자연가득 석류즙 1박스,,"34,000원",http://hsmoa.com/i?id=8285242&from=web_timeline
237,6시00분~7시15분,gsshop,[팔레오] 비타민나무 열매 15통+1통 더(청정 티벳산),"159,000원","158,000원",http://hsmoa.com/i?id=8284153&from=web_timeline
238,6시23분~7시23분,kshop,종근당건강 프로메가 오메가3 파워 12개월분,"79,000원","78,000원",http://hsmoa.com/i?id=8289107&from=web_timeline
239,6시35분~7시25분,nsmall,[5% 조조할인]웰씨나 위매스틱케어 총 12주분,,"170,050원",http://hsmoa.com/i?id=8285906&from=web_timeline
240,7시15분~8시15분,immall,[중국 운남성의 발효보이차를 1포의 스틱에 쏙!]천일발효 보이차(24주분),"129,800원","128,800원",http://hsmoa.com/i?id=8285083&from=web_timeline
241,,immall,[중국 운남성의 발효보이차를 1포의 스틱에 쏙!]천일발효 보이차(12주분),,"68,900원",http://hsmoa.com/i?id=8285084&from=web_timeline
242,,immall,[중국 운남성의 발효보이차를 1포의 스틱에 쏙!]천일발효 보이차(2주분),,"25,000원",http://hsmoa.com/i?id=8285085&from=web_timeline
243,8시20분~9시20분,nsmall,[10%세일(~9/18)](무이자)정관장 홍삼활력PLUS 총 7박스/7개월분+쇼핑백 7장,"304,200원","288,040원",http://hsmoa.com/i?id=8285907&from=web_timeline
244,,nsmall,[10%세일(~9/18)](일시불)정관장 홍삼활력PLUS 총 7박스/7개월분+쇼핑백 7장,,"293,200원",http://hsmoa.com/i?id=8285908&from=web_timeline
245,9시23분~10시23분,gsmyshop,[제주산100%] JEJU 양배추브로콜리진액 4박스 (120입),"70,900원","69,900원",http://hsmoa.com/i?id=8286912&from=web_timeline
246,9시25분~10시25분,immall,백수오궁 5개월[식품의약품안전처 검사명령제 원료확인],"279,000원","278,000원",http://hsmoa.com/i?id=8287703&from=web_timeline
247,,immall,백수오궁 3개월[식품의약품안전처 검사명령제 원료확인],,"178,000원",http://hsmoa.com/i?id=8287704&from=web_timeline
248,10시10분~11시10분,hnsmall,에드워드권 아보카도 오일300ml X 6병,"109,000원","98,100원",http://hsmoa.com/i?id=8284202&from=web_timeline
249,,hnsmall,에드워드권 아보카도 오일 300ml X 6병,,"98,100원",http://hsmoa.com/i?id=8284257&from=web_timeline
250,,hnsmall,에드워드권 아보카도 오일 300ml X 3병,,"56,700원",http://hsmoa.com/i?id=8284203&from=web_timeline
251,10시25분~11시35분,gsshop,GNC최신상★트리플액션(오메가+루테인+비타민) 6병+비타민C4병,,"198,000원",http://hsmoa.com/i?id=8287903&from=web_timeline
252,10시25분~11시35분,nsmall,(일시불)락토핏 생유산균 골드 총 10개월분,"74,000원","65,550원",http://hsmoa.com/i?id=8285909&from=web_timeline
253,,nsmall,(무이자)락토핏 생유산균 골드 총 10개월분,,"70,300원",http://hsmoa.com/i?id=8285910&from=web_timeline
254,10시45분~11시44분,shopnt,삼육 검은콩과 칼슘 + 삼육두유 (총 105팩),"45,900원","44,900원",http://hsmoa.com/i?id=8287864&from=web_timeline
255,11시35분~12시40분,gsshop,"★시즌2★ 보습IN,탄력UP [에버콜라겐 인앤업 3병(12주)]","139,000원","129,000원",http://hsmoa.com/i?id=8284154&from=web_timeline
256,,gsshop,"★시즌2★ 보습IN,탄력UP [에버콜라겐 인앤업 6병(24주)]",,"249,000원",http://hsmoa.com/i?id=8284155&from=web_timeline
257,,gsshop,"★시즌2★ 보습IN,탄력UP [에버콜라겐 인앤업 13병(52주)]",,"459,000원",http://hsmoa.com/i?id=8284156&from=web_timeline
258,12시05분~12시25분,gsmyshop,[제주 백록담흑돼지] 구이용 10팩+찌게용 3팩+볶음용 3팩,"40,900원","39,900원",http://hsmoa.com/i?id=8284445&from=web_timeline
259,12시27분~13시27분,kshop,[총48과] 청도 반건시 2박스(70g 이내),"48,900원","45,900원",http://hsmoa.com/i?id=8289118&from=web_timeline
260,12시40분~13시39분,hmallplus,CJ제일제당 비비고 만두 20봉 세트,,"39,900원",http://hsmoa.com/i?id=8286846&from=web_timeline
261,12시40분~13시40분,immall,[특집]국내산 손질꽃게 9팩,"54,900원","53,900원",http://hsmoa.com/i?id=8285672&from=web_timeline
262,12시40분~13시40분,nsmall,(일시불)관절팔팔 총 6병/3개월분,"188,000원","178,000원",http://hsmoa.com/i?id=8285911&from=web_timeline
263,,nsmall,(무이자)관절팔팔 총 6병/3개월분,,"178,600원",http://hsmoa.com/i?id=8285912&from=web_timeline
264,12시44분~13시43분,shopnt,[17년 추석특집] 정관장 홍삼 정옥고 총 9병 (+선물용 쇼핑백),"198,000원","197,000원",http://hsmoa.com/i?id=8287868&from=web_timeline
265,12시46분~13시06분,gsmyshop,[MYSHOP] [종가집] 갓김치 2kg+파김치 1kg+열무김치 1kg,"40,900원","39,900원",http://hsmoa.com/i?id=8284183&from=web_timeline
266,14시09분~14시19분,lotteonetv,[R]삼육검은콩과칼슘 두유105팩세트(검은콩과칼슘75팩+삼육파우치30팩),"45,900원","44,900원",http://hsmoa.com/i?id=8288223&from=web_timeline
267,14시19분~14시39분,lotteonetv,삼육검은콩과칼슘 두유105팩세트(검은콩과칼슘75팩+삼육파우치30팩),"45,900원","44,900원",http://hsmoa.com/i?id=8288224&from=web_timeline
268,14시39분~14시59분,lotteonetv,브라질 너트 10팩,"78,900원","77,900원",http://hsmoa.com/i?id=8288225&from=web_timeline
269,14시40분~15시40분,immall,김하진의 우리소 수제포 갈비구이,"69,900원","68,900원",http://hsmoa.com/i?id=8287567&from=web_timeline
270,14시59분~15시19분,lotteonetv,이봉원의 소갈비살구이 7팩 + 안창살구이 1팩 (총 3.8kg),"69,900원","68,900원",http://hsmoa.com/i?id=8288226&from=web_timeline
271,15시35분~16시30분,nsmall,영월농협 아카시아 벌꿀 450gX6병+25gX5개,"79,900원","71,910원",http://hsmoa.com/i?id=8286248&from=web_timeline
272,15시43분~16시43분,shopnt,[17년 추석특집] 농마드 사과 배 혼합세트 (장수사과 4kg),"50,900원","49,900원",http://hsmoa.com/i?id=8287871&from=web_timeline
273,,shopnt,[17년 추석특집] 농마드 장수사과 4kg,,"25,900원",http://hsmoa.com/i?id=8288050&from=web_timeline
274,,shopnt,[17년 추석특집] 농마드 나주 배 5kg,,"25,900원",http://hsmoa.com/i?id=8288051&from=web_timeline
275,16시10분~16시40분,gsshop,"뼈를 제거하고 6mm씩 슬라이스한 훈제오리[방송 최다구성]무항생제 훈제오리 18팩 (팩당 200g, 총 3.6kg)",,"64,900원",http://hsmoa.com/i?id=8284170&from=web_timeline
276,,hnsmall,"(1+1세트) [수납의 마법사] 자동 요술압축팩 (60종 - 이불용, 의류용 등 필수품목 포함)",,"89,640원",http://hsmoa.com/i?id=8284220&from=web_timeline
277,16시26분~16시46분,gsmyshop,"삼다찰오메기떡 20개+10개, 콩고물비트오메기떡20개+10개",,"40,900원",http://hsmoa.com/i?id=8287119&from=web_timeline
278,16시30분~17시10분,nsmall,김지선 함박스테이크 총 20팩(오리지널 함바그 13팩+치즈인 함바그 5팩+고구마인 함바그 2팩),,"59,900원",http://hsmoa.com/i?id=8287197&from=web_timeline
279,16시40분~17시30분,immall,숲에서 자란 토종다래 15과*20팩(3kg),,"40,900원",http://hsmoa.com/i?id=8285087&from=web_timeline
280,16시50분~17시30분,hnsmall,배연정 소머리곰탕 (곰탕 14팩+수육 3팩),"40,900원","36,810원",http://hsmoa.com/i?id=8284221&from=web_timeline
281,,hnsmall,배연정 수육 10팩,,"53,910원",http://hsmoa.com/i?id=8284222&from=web_timeline
282,17시10분~17시50분,nsmall,이보은의잘끓인갈낙탕9팩,"69,900원","68,900원",http://hsmoa.com/i?id=8287590&from=web_timeline
283,17시27분~17시47분,gsmyshop,[계절품은] Recipe by 장석준명장 프리미엄 명란 85g 12팩,,"49,900원",http://hsmoa.com/i?id=8284189&from=web_timeline
284,17시30분~18시10분,hnsmall,친친함박 스테이크 20팩 + 모짜렐라치즈 20장,"60,900원","54,810원",http://hsmoa.com/i?id=8284223&from=web_timeline
285,,hnsmall,인도전통커리 인디아게이트 5종,,"29,610원",http://hsmoa.com/i?id=8284225&from=web_timeline
286,,hnsmall,이재훈셰프의 친친 모짜렐라치즈 (120장),,"29,610원",http://hsmoa.com/i?id=8284224&from=web_timeline
287,17시30분~17시40분,immall,[게릴라]홍대감 육포 25봉,,"19,900원",http://hsmoa.com/i?id=8288012&from=web_timeline
288,17시40분~19시35분,hmall,산지직송 제주산 은갈치 300g(4토막) 5팩,,"79,900원",http://hsmoa.com/i?id=8286835&from=web_timeline
289,,hmall,한복선 양념 갈비살,,"59,900원",http://hsmoa.com/i?id=8284507&from=web_timeline
290,17시40분~18시40분,immall,사랑海 가자미 세트(28미),"49,900원","48,900원",http://hsmoa.com/i?id=8286384&from=web_timeline
291,17시40분~18시40분,lottemall,에드워드권 하와이안 비프스테이크 총 20팩 + 파스타소스2팩 + 파스타면1팩,,"58,900원",http://hsmoa.com/i?id=8284413&from=web_timeline
292,,lottemall,에드워드권 하와이안 비프스테이크 총 20팩 + 파스타소스2팩 + 파스타면1팩,,"59,900원",http://hsmoa.com/i?id=8284414&from=web_timeline
293,17시42분~18시42분,shopnt,쉐프 구본길의 양념LA갈비 7팩 + 양념갈비찜 3팩 (총 10팩),"79,900원","78,900원",http://hsmoa.com/i?id=8287873&from=web_timeline
294,17시50분~18시35분,nsmall,특품 홍천잣 3세트,"99,000원","89,100원",http://hsmoa.com/i?id=8286456&from=web_timeline
295,,nsmall,특품 홍천잣 100gX5병,,"44,010원",http://hsmoa.com/i?id=8286457&from=web_timeline
296,18시39분~18시59분,lotteonetv,이봉원의 소갈비살구이 7팩 + 안창살구이 1팩 (총 3.8kg),"69,900원","68,900원",http://hsmoa.com/i?id=8288234&from=web_timeline
297,18시40분~19시35분,gsshop,[종가집] 중부식 포기김치 5.5kg+포기김치 5.5kg 더!,,"62,900원",http://hsmoa.com/i?id=8284513&from=web_timeline
298,,gsshop,[종가집] 전라도식 포기김치 5.5kg+포기김치 5.5kg 더!,,"62,900원",http://hsmoa.com/i?id=8284514&from=web_timeline
299,18시40분~19시40분,immall,2017 남안동농협 햇 고춧가루 500g*6봉 총3kg,"69,900원","68,900원",http://hsmoa.com/i?id=8287706&from=web_timeline
300,18시59분~19시19분,lotteonetv,브라질 너트 10팩,"78,900원","77,900원",http://hsmoa.com/i?id=8288235&from=web_timeline
301,19시19분~19시39분,lotteonetv,삼육검은콩과칼슘 두유105팩세트(검은콩과칼슘75팩+삼육파우치30팩),"45,900원","44,900원",http://hsmoa.com/i?id=8288236&from=web_timeline
302,19시35분~20시40분,hmall,동원 천지인 홍삼정 데일리원(190포*10ml),"198,000원","178,200원",http://hsmoa.com/i?id=8284539&from=web_timeline
303,,hmall,동원 천지인 홍삼정 데일리원(30포*10ml),,"79,000원",http://hsmoa.com/i?id=8284540&from=web_timeline
304,,hmall,동원 천지인 홍삼정 데일리원(10포*10ml),,"30,000원",http://hsmoa.com/i?id=8284541&from=web_timeline
305,19시39분~19시49분,lotteonetv,[R]삼육검은콩과칼슘 두유105팩세트(검은콩과칼슘75팩+삼육파우치30팩),"45,900원","44,900원",http://hsmoa.com/i?id=8288237&from=web_timeline
306,20시10분~21시10분,hnsmall,정관장 홍삼정옥고 17병 (국내산 6년근 홍삼 100%),"348,000원","313,200원",http://hsmoa.com/i?id=8284228&from=web_timeline
307,,hnsmall,정관장 홍삼정옥고 1병 (국내산 6년근 홍삼 100%),,"22,500원",http://hsmoa.com/i?id=8284229&from=web_timeline
308,,hnsmall,"[특집]정관장 홍삼정옥고 17병(국내산 6년근 홍삼 100%,선물용 쇼핑백증정)(a)",,"313,200원",http://hsmoa.com/i?id=8284231&from=web_timeline
309,20시30분~21시30분,gsmyshop,"100퍼센트 국내산 농,수산물 사용~ 명인만의 비법이 담긴 김치![강순의 명가] 프리미엄 포기김치 10kg!!",,"65,000원",http://hsmoa.com/i?id=8289195&from=web_timeline
310,,gsmyshop,"100퍼센트 국내산 농,수산물 사용~ 명인만의 비법이 담긴 김치![강순의 명가] 프리미엄 포기김치 5kg!!",,"35,000원",http://hsmoa.com/i?id=8289196&from=web_timeline
311,20시40분~20시50분,shopnt,[농마드] 청도 반건시 20개+20개 2세트 (60g) [테마_방송],"47,900원","44,900원",http://hsmoa.com/i?id=8287876&from=web_timeline
312,,shopnt,[농마드] 청도 반건시 20개(60g) [테마_방송],,"26,900원",http://hsmoa.com/i?id=8287877&from=web_timeline
313,,cjmall,[3박스]오하루 자연가득 프리미엄 견과플러스90포,,"84,550원",http://hsmoa.com/i?id=8285293&from=web_timeline
314,,cjmall,오하루 자연가득 프리미엄 견과플러스 1박스30포,,"39,000원",http://hsmoa.com/i?id=8285300&from=web_timeline
315,21시10분~22시10분,hnsmall,[마추피추푸드]테오브로마 카카오닙스 7통+휴대용용기 2개+보틀1개+보틀케이스1개,"109,000원","98,100원",http://hsmoa.com/i?id=8284232&from=web_timeline
316,,hnsmall,[마추피추푸드]테오브로마 카카오닙스 14통+휴대용용기 4개+보틀 2개+보틀케이스 2개,,"178,200원",http://hsmoa.com/i?id=8285412&from=web_timeline
317,,hnsmall,[마추피추푸드]테오브로마 카카오닙스 7통+휴대용용기 2개+보틀 1개+보틀케이스 1개,,"98,100원",http://hsmoa.com/i?id=8285413&from=web_timeline
318,,hnsmall,[마추피추푸드]테오브로마 카카오닙스 14통+휴대용용기 4개+보틀 2개+보틀케이스 2개,,"178,200원",http://hsmoa.com/i?id=8284233&from=web_timeline
319,,hnsmall,[마추피추푸드]테오브로마 카카오닙스 270gX3통,,"71,100원",http://hsmoa.com/i?id=8284700&from=web_timeline
320,21시33분~22시33분,kshop,[총4.5kg] 불고기브라더스 LA갈비X6팩 + 갈비찜 500gX3팩,"70,900원","67,900원",http://hsmoa.com/i?id=8289113&from=web_timeline
321,,kshop,[총4.5kg] 불고기브라더스 갈비찜 500g X 9팩,,"67,900원",http://hsmoa.com/i?id=8289114&from=web_timeline
322,21시40분~22시45분,nsmall,빅마마 이혜정의 맛있는 김치,"45,900원","44,900원",http://hsmoa.com/i?id=8287304&from=web_timeline
323,,nsmall,빅마마 이혜정의 건강한 맛있는선식 120포+보틀 1개,,"80,010원",http://hsmoa.com/i?id=8287306&from=web_timeline
324,21시45분~22시40분,immall,안동세척 사과 3kg*3박스,,"45,900원",http://hsmoa.com/i?id=8287352&from=web_timeline
325,,immall,햇 안동세척 사과 3kg,,"30,000원",http://hsmoa.com/i?id=8287353&from=web_timeline
326,22시10분~22시50분,hnsmall,[부산3대어묵] 미도어묵 12종 세트 (3.4kg),"43,900원","39,510원",http://hsmoa.com/i?id=8284234&from=web_timeline
327,23시33분~0시10분,hnsmall,"[BBQ 치킨세트] 텐더6팩+치킨강정3팩+너겟5팩, 총14팩","40,900원","36,810원",http://hsmoa.com/i?id=8286033&from=web_timeline
328,23시45분~0시50분,immall,해조미 후루룩 해조국수 25인분,"40,900원","39,900원",http://hsmoa.com/i?id=8287668&from=web_timeline
329,0시10분~0시50분,hnsmall,[아로니아함유] 슈퍼베리넛츠 120봉 + 마카다미아 4봉 더,"59,900원","53,910원",http://hsmoa.com/i?id=8284252&from=web_timeline
330,0시50분~1시50분,immall,[해명원]국내산 남도순살 먹갈치(200g*10팩),"40,900원","39,900원",http://hsmoa.com/i?id=8287639&from=web_timeline
331,1시00분~2시00분,cjmall,[시즌2]와일드망고 퍼펙트뷰티 IGOB131 12주분,"178,000원","124,600원",http://hsmoa.com/i?id=8284344&from=web_timeline
332,,cjmall,[시즌2][CJ독점] 와일드망고 퍼펙트뷰티 IGOB131 4주분,,"69,300원",http://hsmoa.com/i?id=8284345&from=web_timeline
333,,cjmall,[시즌2][CJ독점]와일드망고 퍼펙트뷰티 IGOB 2주분,,"59,000원",http://hsmoa.com/i?id=8284346&from=web_timeline
334,,cjmall,[관절건강]수블랑 퍼펙트조인트 보스웰리아 2개월분,,"177,000원",http://hsmoa.com/i?id=8284347&from=web_timeline
335,,cjmall,[관절건강]퍼펙트조인트 보스웰리아 6개월분,,"249,000원",http://hsmoa.com/i?id=8284348&from=web_timeline
336,,cjmall,수블랑 퍼펙트조인트 보스웰리아 1박스,,"50,000원",http://hsmoa.com/i?id=8284349&from=web_timeline
337,1시00분~1시59분,hmallplus,[더반찬 the Banchan] 반찬 6종 세트,,"29,900원",http://hsmoa.com/i?id=8286934&from=web_timeline
338,,hmallplus,더반찬 진국 6팩 세트,,"29,900원",http://hsmoa.com/i?id=8286935&from=web_timeline
339,1시00분~2시00분,nsmall,팔레오 오메가 사차인치 총 18통(240gX10통+60gX8통),"218,000원","206,150원",http://hsmoa.com/i?id=8287399&from=web_timeline
340,,nsmall,팔레오 오메가 사차인치 총 9통(240gX5통+60gX4통),,"118,000원",http://hsmoa.com/i?id=8287400&from=web_timeline
341,,hmall,산지직송 제주산 은갈치 300g(4토막) 5팩,,"79,900원",http://hsmoa.com/i?id=8287214&from=web_timeline
342,2시00분~3시40분,nsmall,팔레오 오메가 사차인치 총 9통(240gX5통+60gX4통),"119,000원","118,000원",http://hsmoa.com/i?id=8287169&from=web_timeline
343,,nsmall,[99데이 특집]하림 토종닭 순살닭갈비 세트 총 14팩(순살닭갈비 400gX7팩+안동식 순살찜닭 300gX7팩),,"37,170원",http://hsmoa.com/i?id=8287170&from=web_timeline
344,,nsmall,삼육두유 총 105팩,,"40,410원",http://hsmoa.com/i?id=8287171&from=web_timeline
345,,nsmall,비타탱크 비타민나무 30gX12개,,"148,000원",http://hsmoa.com/i?id=8287172&from=web_timeline
346,2시50분~3시30분,hnsmall,리얼 레드빈 팥클렌즈 28팩,"69,900원","62,910원",http://hsmoa.com/i?id=8285680&from=web_timeline
347,,hnsmall,리얼 레드빈 팥클렌즈 세트,,"49,410원",http://hsmoa.com/i?id=8285682&from=web_timeline
348,,hnsmall,리얼 레드빈 팥클렌즈 14팩,,"39,510원",http://hsmoa.com/i?id=8285685&from=web_timeline
349,3시44분~4시43분,shopnt,종근당건강 아이클리어 루테인(10개월분),"69,000원","68,000원",http://hsmoa.com/i?id=8287800&from=web_timeline
350,4시05분~5시05분,immall,황토방 청도 감말랭이 55g*30팩,"39,900원","38,900원",http://hsmoa.com/i?id=8284640&from=web_timeline
351,4시09분~4시29분,lotteonetv,이봉원의 소갈비살구이 7팩 + 안창살구이 1팩 (총 3.8kg),"69,900원","68,900원",http://hsmoa.com/i?id=8288130&from=web_timeline
352,4시20분~6시00분,nsmall,(무이자)정관장 홍삼정옥고 14병,"348,000원","347,000원",http://hsmoa.com/i?id=8287173&from=web_timeline
353,,nsmall,(일시불)정관장 홍삼정옥고 14병,,"337,000원",http://hsmoa.com/i?id=8287174&from=web_timeline
354,,nsmall,생강품은 도라지 배착즙 4박스/132포,,"56,610원",http://hsmoa.com/i?id=8287175&from=web_timeline
355,,nsmall,특품 홍천잣 100gX10개,,"67,410원",http://hsmoa.com/i?id=8287176&from=web_timeline
356,,nsmall,특품 홍천잣 100gX5개,,"44,010원",http://hsmoa.com/i?id=8287177&from=web_timeline
357,,nsmall,국내산 손질꽃게 총 8팩/3kg,,"53,010원",http://hsmoa.com/i?id=8287178&from=web_timeline
358,,nsmall,제주농장 유기 양배추진액 총 4박스/120포,,"60,660원",http://hsmoa.com/i?id=8287179&from=web_timeline
359,4시29분~4시49분,lotteonetv,브라질 너트 10팩,"78,900원","77,900원",http://hsmoa.com/i?id=8288131&from=web_timeline
360,4시39분~5시40분,ssgshop,송악농협 착한흑염소 70ml*125포 (N153A10),"99,000원","89,100원",http://hsmoa.com/i?id=8287511&from=web_timeline
361,4시41분~4시51분,lotteonetv,[R]삼육검은콩과칼슘 두유105팩세트(검은콩과칼슘75팩+삼육파우치30팩),"45,900원","44,900원",http://hsmoa.com/i?id=8289156&from=web_timeline
362,4시49분~5시09분,lotteonetv,삼육검은콩과칼슘 두유105팩세트(검은콩과칼슘75팩+삼육파우치30팩),"45,900원","44,900원",http://hsmoa.com/i?id=8288132&from=web_timeline
363,4시50분~5시30분,hnsmall,[볍씨맵씨] 현미 수제 누룽지(27봉),"49,900원","44,910원",http://hsmoa.com/i?id=8285700&from=web_timeline
364,5시00분~5시30분,gsshop,"[대한민국1등오리][다향]무항생제 훈제오리21팩(팩당 180g, 총 3.78kg)+소스10봉","59,900원","58,900원",http://hsmoa.com/i?id=8286223&from=web_timeline
365,5시09분~5시19분,lotteonetv,[R]삼육검은콩과칼슘 두유105팩세트(검은콩과칼슘75팩+삼육파우치30팩),"45,900원","44,900원",http://hsmoa.com/i?id=8288133&from=web_timeline
366,5시30분~6시00분,cjmall,양파농장 양파즙 100ml 100팩,"36,900원","35,900원",http://hsmoa.com/i?id=8287419&from=web_timeline
367,5시30분~6시00분,gsshop,[감로700] 감로차 4종세트 총 3박스 구성,,"40,900원",http://hsmoa.com/i?id=8286823&from=web_timeline
368,5시32분~6시33분,lotteonetv,삼육검은콩과칼슘 두유105팩세트(검은콩과칼슘75팩+삼육파우치30팩),"45,900원","44,900원",http://hsmoa.com/i?id=8289158&from=web_timeline
369,6시00분~7시15분,gsshop,"★연속 전체매진!★[팔레오] 오메가 사차인치 씨드 24통 (총 1,440g)","119,000원","118,000원",http://hsmoa.com/i?id=8284448&from=web_timeline
370,,gsshop,"★오직 방송에서만★[팔레오] 오메가 사차인치 씨드 24+24통 SET (총 48통, 2,880g)",,"238,000원",http://hsmoa.com/i?id=8286269&from=web_timeline
371,6시00분~7시25분,nsmall,레드클레오 총 8박스/16주분,,"268,200원",http://hsmoa.com/i?id=8285983&from=web_timeline
372,,nsmall,레드클레오 총 4박스/8주분,,"152,100원",http://hsmoa.com/i?id=8285984&from=web_timeline
373,6시10분~7시10분,hnsmall,100% 핀란드 자일리톨 크리스탈1+1 (100gX10통+휴대용스틱 2gX30포X10박스),"188,000원","169,200원",http://hsmoa.com/i?id=8283692&from=web_timeline
374,,hnsmall,100% 핀란드 자일리톨 크리스탈(100gX5통+휴대용스틱 2gX30포X5박스),,"89,100원",http://hsmoa.com/i?id=8283690&from=web_timeline
375,,hnsmall,100% 핀란드 자일리톨 크리스탈1+1 (100gX10통+휴대용스틱 2gX30포X10박스),,"169,200원",http://hsmoa.com/i?id=8283693&from=web_timeline
376,,hnsmall,100% 핀란드 자일리톨 크리스탈 스틱 90포 (2gX30포X3박스),,"53,100원",http://hsmoa.com/i?id=8283694&from=web_timeline
377,7시17분~8시17분,kshop,종근당 건강 아이클리어루테인 12개월분,"79,000원","78,000원",http://hsmoa.com/i?id=8288859&from=web_timeline
378,7시25분~8시20분,nsmall,(일시불)박경호의 녹용활력 신 6박스/180포,,"152,100원",http://hsmoa.com/i?id=8284839&from=web_timeline
379,,nsmall,(무이자)박경호의 녹용활력 신 6박스/180포,,"169,000원",http://hsmoa.com/i?id=8284840&from=web_timeline
380,8시15분~9시20분,cjmall,"[2017 홍이장군] 어린이 성장, 면역 프로그램 3단계-1박스",,"120,000원",http://hsmoa.com/i?id=8284361&from=web_timeline
381,8시15분~9시25분,immall,[명절특집 단 하루 1만원 할인!! 2017년 햇 비폴렌!!] 농협 안심 비폴렌(벌화분),"99,000원","98,000원",http://hsmoa.com/i?id=8286836&from=web_timeline
382,9시20분~10시25분,nsmall,네이쳐스패밀리 100% 생로얄젤리파우더 35gX4병+스푼 2개,"198,000원","187,150원",http://hsmoa.com/i?id=8285530&from=web_timeline
383,9시25분~10시25분,hmall,[미리주문]정관장 홍삼진황 30포 3박스 + 20포 1박스 (총110포),"378,000원","373,000원",http://hsmoa.com/i?id=8285752&from=web_timeline
384,10시25분~11시40분,immall,김순자명장 포기8kg+열무김치2kg,"42,900원","41,900원",http://hsmoa.com/i?id=8289233&from=web_timeline
385,,immall,김순자명장 포기김치 10kg,,"41,900원",http://hsmoa.com/i?id=8289236&from=web_timeline
386,10시25분~11시35분,nsmall,프라임 국내산 블랙베리 24통,"189,000원","188,000원",http://hsmoa.com/i?id=8287424&from=web_timeline
387,,nsmall,프라임 국내산 블랙베리 12통,,"109,000원",http://hsmoa.com/i?id=8287425&from=web_timeline
388,10시30분~11시30분,hnsmall,국내산 해가찬 아로니아 분말 세트(총 30통),"159,000원","143,100원",http://hsmoa.com/i?id=8283233&from=web_timeline
389,,hnsmall,국내산 해가찬 아로니아 분말 세트(총 18통),,"89,100원",http://hsmoa.com/i?id=8283234&from=web_timeline
390,10시41분~11시40분,shopnt,종근당건강 프로메가 오메가3 파워 (12개월분),"79,000원","78,000원",http://hsmoa.com/i?id=8287809&from=web_timeline
391,11시40분~12시40분,immall,[여름철 대표보양식!안동참마]김형자의 안동참마 10g*30포*8박스(240포),"79,900원","78,900원",http://hsmoa.com/i?id=8284650&from=web_timeline
392,,immall,[여름철 대표보양식! 안동참마]김형자의 안동참마(10g*30포),,"15,000원",http://hsmoa.com/i?id=8284651&from=web_timeline
393,11시45분~12시05분,gsmyshop,국내 로스팅한 페루산 카카오닙스 7팩,,"39,900원",http://hsmoa.com/i?id=8287104&from=web_timeline
394,12시05분~12시25분,gsmyshop,[서대문한옥집] 식객맛집 김치찜5팩+김치찌개2팩 세트,"39,900원","37,900원",http://hsmoa.com/i?id=8283213&from=web_timeline
395,12시39분~12시59분,lotteonetv,이봉원의 소갈비살구이 7팩 + 안창살구이 1팩 (총 3.8kg),"69,900원","68,900원",http://hsmoa.com/i?id=8288153&from=web_timeline
396,12시59분~13시19분,lotteonetv,브라질 너트 10팩,"78,900원","77,900원",http://hsmoa.com/i?id=8288154&from=web_timeline
397,13시19분~13시39분,lotteonetv,삼육검은콩과칼슘 두유105팩세트(검은콩과칼슘75팩+삼육파우치30팩),"45,900원","44,900원",http://hsmoa.com/i?id=8288155&from=web_timeline
398,13시30분~14시30분,cjmall,[특집]독하게하자 풋사과 다이어트 시크릿 12주,"134,300원","119,870원",http://hsmoa.com/i?id=8284379&from=web_timeline
399,,cjmall,[핫이슈]독하게하자 풋사과 다이어트 시크릿 4주,,"128,000원",http://hsmoa.com/i?id=8284380&from=web_timeline
400,13시39분~13시49분,lotteonetv,[R]삼육검은콩과칼슘 두유105팩세트(검은콩과칼슘75팩+삼육파우치30팩),"45,900원","44,900원",http://hsmoa.com/i?id=8288156&from=web_timeline
401,13시40분~14시40분,immall,순천농협 남도명찬 세트 12팩(최대중량),"49,900원","48,900원",http://hsmoa.com/i?id=8285205&from=web_timeline
402,14시40분~15시40분,gsshop,육개장(600g*14팩) + 칼국수 면(230g*10개)[식신 정준하] 매운맛 7팩+순한맛 7팩,"59,900원","58,900원",http://hsmoa.com/i?id=8283201&from=web_timeline
403,,gsshop,"100퍼센트호주산 청정우   모짜렐라치즈,호두,아몬드 토핑까지~~[식신 정준하] 야무진 행복 스테이크~~ 180g×20팩 (무려 3.6kg)",,"58,900원",http://hsmoa.com/i?id=8283200&from=web_timeline
404,16시17분~18시38분,lotteonetv,하우스 감귤 1.5Kg X 3Box,"39,900원","38,900원",http://hsmoa.com/i?id=8289168&from=web_timeline
405,16시30분~17시10분,nsmall,(ww)천연조미료새우분말세트,"48,900원","47,900원",http://hsmoa.com/i?id=8287568&from=web_timeline
406,16시40분~17시40분,immall,국내산 손질 통오징어 20미,"40,900원","39,900원",http://hsmoa.com/i?id=8286382&from=web_timeline
407,16시50분~17시30분,hnsmall,"[델스넛츠]프리미엄 골드 델스넛츠 100봉+10봉, 총110봉","89,900원","80,910원",http://hsmoa.com/i?id=8283260&from=web_timeline
408,17시06분~17시26분,gsmyshop,★전 균주 특허받은 유산균/냉장배송★[비타민하우스] 장앤굿유산균 6박스 (총 6개월분),"49,900원","48,900원",http://hsmoa.com/i?id=8283216&from=web_timeline
409,17시10분~17시50분,nsmall,전철우 특갈비탕+육개장세트 총 10팩(특갈비탕 800gX8팩+특육개장 600gX2팩),"59,900원","53,010원",http://hsmoa.com/i?id=8285989&from=web_timeline
410,17시33분~18시10분,hnsmall,[개성방앗간] 생들기름 6병 + 참기름 2병,"43,900원","39,510원",http://hsmoa.com/i?id=8286027&from=web_timeline
411,17시40분~18시40분,hmall,두배로 1KG 부대찌개,"65,900원","59,310원",http://hsmoa.com/i?id=8287436&from=web_timeline
412,17시40분~18시40분,immall,파주 농협 율곡향 쌀 10kg+10kg(17년 햅쌀),"50,900원","49,900원",http://hsmoa.com/i?id=8286863&from=web_timeline
413,,immall,구수담 더덕구이 10팩+1팩,,"53,900원",http://hsmoa.com/i?id=8286866&from=web_timeline
414,17시40분~18시40분,lottemall,[쟌슨빌]불고기베이크3개+할라피뇨베이크3개+베다체다롤베이크3개+치즈베이크3개+스위트머스터드소스1개,,"39,800원",http://hsmoa.com/i?id=8284325&from=web_timeline
415,,lottemall,[쟌슨빌]불고기베이크6개+할라피뇨베이크6개+베다체다롤베이크6개+치즈베이크6개+스위트머스터드소스2개,,"56,640원",http://hsmoa.com/i?id=8284417&from=web_timeline
416,17시47분~18시07분,gsmyshop,[착한마을]★방송동일구성★마음이가 바나나떡/콩쑥개떡 세트,"39,900원","37,900원",http://hsmoa.com/i?id=8283217&from=web_timeline
417,17시50분~18시35분,nsmall,영양 빛깔찬 2017년 수확  햇 고춧가루 3kg,"76,900원","75,900원",http://hsmoa.com/i?id=8286250&from=web_timeline
418,18시07분~18시27분,gsmyshop,여수 돌산 갓김치 5kg+고들빼기 김치 1kg,,"36,900원",http://hsmoa.com/i?id=8284412&from=web_timeline
419,18시35분~19시35분,nsmall,빅마마 이혜정의 특제 민물장어 양념구이,,"79,900원",http://hsmoa.com/i?id=8284841&from=web_timeline
420,18시35분~19시35분,ssgshop,"[카드 10%할인,10%적립]풍년가 윤상섭 LA갈비 500g*9팩","79,900원","78,900원",http://hsmoa.com/i?id=8287532&from=web_timeline
421,18시37분~19시37분,shopnt,쉐프 구본길의 양념LA갈비 7팩 + 양념갈비찜 3팩 (총 10팩),"79,900원","78,900원",http://hsmoa.com/i?id=8287820&from=web_timeline
422,18시40분~19시35분,gsshop,이태리 직수입 프리미엄 오일세트올리타리아 포도씨유 10병+해바라기유 3병+쇼핑백2장,"59,900원","53,910원",http://hsmoa.com/i?id=8283702&from=web_timeline
423,18시40분~19시40분,immall,육우 양념 찜갈비 5팩,"59,900원","58,900원",http://hsmoa.com/i?id=8286388&from=web_timeline
424,18시50분~19시30분,hnsmall,"[더맛있는사과] 홍로 3kg(과당 250g-300g) x 3박스, 총9kg","54,900원","49,410원",http://hsmoa.com/i?id=8285430&from=web_timeline
425,19시35분~20시45분,cjmall,[일명귀족차]왕혜문퓨어보이차100_12박스,"149,000원","139,000원",http://hsmoa.com/i?id=8286089&from=web_timeline
426,,cjmall,[단품]왕혜문퓨어보이차100_1박스X14포,,"24,000원",http://hsmoa.com/i?id=8286090&from=web_timeline
427,19시35분~21시45분,hmall,원데이노블너츠 100봉,,"89,900원",http://hsmoa.com/i?id=8286304&from=web_timeline
428,19시35분~20시40분,nsmall,빅마마 이혜정의 맛있는 갈빗살 300gX11팩,"69,900원","62,010원",http://hsmoa.com/i?id=8284842&from=web_timeline
429,20시10분~20시50분,hnsmall,UltraFlora 여에스더유산균 BLUE 6병 (12개월분) + 휴대용용기,"227,000원","204,300원",http://hsmoa.com/i?id=8283434&from=web_timeline
430,,hnsmall,UltraFlora 여에스더유산균 BLUE 5병 (10개월분) + 휴대용용기,,"178,200원",http://hsmoa.com/i?id=8283435&from=web_timeline
431,,hnsmall,UltraFlora 여에스더유산균 BLUE 3병(6개월분) + 휴대용용기,,"140,400원",http://hsmoa.com/i?id=8283437&from=web_timeline
432,,hnsmall,UltraFlora 여에스더유산균 BLUE 6병 (12개월분) + 휴대용용기,,"204,300원",http://hsmoa.com/i?id=8283436&from=web_timeline
433,20시30분~21시30분,gsmyshop,[장인의 아침] 윤상섭 왕갈비(600g*6팩) 무려 3.6kg,"69,900원","68,900원",http://hsmoa.com/i?id=8289181&from=web_timeline
434,20시36분~20시48분,shopnt,[직][농마드] 서천 재래 바스락 반장김 18봉+도시락김 24봉 [테마_방송],"22,900원","21,900원",http://hsmoa.com/i?id=8287822&from=web_timeline
435,20시50분~21시30분,hnsmall,임성근의 영양 특 소갈비탕 10팩,"60,900원","54,810원",http://hsmoa.com/i?id=8286888&from=web_timeline
436,21시09분~21시29분,lotteonetv,이봉원의 소갈비살구이 7팩 + 안창살구이 1팩 (총 3.8kg),"69,900원","68,900원",http://hsmoa.com/i?id=8288176&from=web_timeline
437,21시29분~21시49분,lotteonetv,브라질 너트 10팩,"78,900원","77,900원",http://hsmoa.com/i?id=8288177&from=web_timeline
438,21시40분~22시45분,nsmall,[10%세일(~9/18)](무이자)정관장 홍삼활력PLUS 총 7박스/7개월분+쇼핑백 7장,"304,200원","288,040원",http://hsmoa.com/i?id=8284845&from=web_timeline
439,,nsmall,[10%세일(~9/18)](일시불)정관장 홍삼활력PLUS 총 7박스/7개월분+쇼핑백 7장,,"293,200원",http://hsmoa.com/i?id=8284846&from=web_timeline
440,21시45분~22시40분,immall,[농협추석과일세트]안동사과4Kg+천안배5Kg,,"50,900원",http://hsmoa.com/i?id=8287071&from=web_timeline
441,21시49분~22시09분,lotteonetv,삼육검은콩과칼슘 두유105팩세트(검은콩과칼슘75팩+삼육파우치30팩),"45,900원","44,900원",http://hsmoa.com/i?id=8288178&from=web_timeline
442,22시09분~22시19분,lotteonetv,[R]삼육검은콩과칼슘 두유105팩세트(검은콩과칼슘75팩+삼육파우치30팩),"45,900원","44,900원",http://hsmoa.com/i?id=8288179&from=web_timeline
443,22시10분~23시30분,hnsmall,[홍진경김치] 포기김치 11kg,"62,900원","56,610원",http://hsmoa.com/i?id=8287680&from=web_timeline
444,,hnsmall,"홍진경 더 만두 10봉+7봉, 총17봉",,"44,910원",http://hsmoa.com/i?id=8284275&from=web_timeline
445,22시40분~23시45분,immall,★대박구성★영광법성포 특대장대 굴비 40미,"73,900원","72,900원",http://hsmoa.com/i?id=8287666&from=web_timeline
446,22시45분~23시55분,hmall,(미리주문)슈퍼베리 아로니아,"159,000원","128,000원",http://hsmoa.com/i?id=8284464&from=web_timeline
447,,hmall,(단품)슈퍼베리 아로니아,,"84,000원",http://hsmoa.com/i?id=8284465&from=web_timeline
448,23시30분~0시10분,hnsmall,"[서울대 공동개발] 프리미엄 약콩100 (3박스, 총 60+6봉)","68,900원","62,010원",http://hsmoa.com/i?id=8283270&from=web_timeline
449,,hnsmall,라쿠치나 프리미엄 수프 20봉 (단호박+마스카포네토마토+버섯크림),,"47,610원",http://hsmoa.com/i?id=8283271&from=web_timeline
450,1시00분~2시00분,nsmall,[10% 세일]빨강 석류즙 총 6박스,"116,100원","103,590원",http://hsmoa.com/i?id=8283342&from=web_timeline
451,1시10분~2시05분,immall,[어선방]해초샐러드9종 20g*25봉,"50,900원","49,900원",http://hsmoa.com/i?id=8284601&from=web_timeline
452,,hmall,양산도 민물장어 6팩(1kg),,"76,900원",http://hsmoa.com/i?id=8287267&from=web_timeline
453,2시00분~3시10분,nsmall,하림 마늘훈제치킨 210gX16팩,"43,900원","37,530원",http://hsmoa.com/i?id=8287160&from=web_timeline
454,,nsmall,부부가함께 라이코펜 총 6박스/12개월분,,"142,200원",http://hsmoa.com/i?id=8287162&from=web_timeline
455,2시05분~3시05분,immall,[산지직송]완도참전복_대 사이즈 22미+1미,"60,900원","59,900원",http://hsmoa.com/i?id=8284602&from=web_timeline
456,2시28분~2시38분,ssgshop,"(사랑의 기부미) 김제 새만금 신동진쌀 10kg x2+신동진 현미1kg (총 21kg) (백미,현미 신동진 단일품종)","43,900원","42,900원",http://hsmoa.com/i?id=8287441&from=web_timeline
457,,ssgshop,"(사랑의 기부미) 만세 보령 삼광미 GOLD 10kg x 2 + 현미 2kg (총 22kg) (백미, 삼광 단일품종)",,"43,900원",http://hsmoa.com/i?id=8287443&from=web_timeline
458,3시05분~4시05분,immall,★송선미시즌2★김지우 천연육수이야기 총120팩!,"46,900원","45,900원",http://hsmoa.com/i?id=8284603&from=web_timeline
459,3시50분~6시00분,nsmall,빨강석류즙 6박스,"129,000원","128,000원",http://hsmoa.com/i?id=8287163&from=web_timeline
460,,nsmall,태현실 약선전복장 세트 총 5통(전복장 3통+새우장 2통),,"62,010원",http://hsmoa.com/i?id=8287164&from=web_timeline
461,,nsmall,자연이 준 잣 100gX13캔,,"71,010원",http://hsmoa.com/i?id=8287167&from=web_timeline
462,,nsmall,자연이 준 잣 100gX6캔,,"44,010원",http://hsmoa.com/i?id=8287168&from=web_timeline
463,3시59분~4시29분,ssgshop,"[일시불 할인]정관장 홍삼진현 50ml*30포*4박스, 총 120포","189,000원","178,000원",http://hsmoa.com/i?id=8287447&from=web_timeline
464,4시05분~5시05분,immall,[남재현박사의 프로바이오틱스]리얼닥터 100억유산균[30캡슐*12병],"99,000원","98,000원",http://hsmoa.com/i?id=8284604&from=web_timeline
465,,immall,[남재현박사의 프로바이오틱스]리얼닥터 100억유산균[30캡슐*6병],,"68,000원",http://hsmoa.com/i?id=8284605&from=web_timeline
466,,immall,[남재현박사의 프로바이오틱스]리얼닥터 100억유산균[30캡슐*1병],,"30,000원",http://hsmoa.com/i?id=8284606&from=web_timeline
467,4시30분~5시10분,hnsmall,국내산 산마늘 명이나물절임14팩 + 산마늘 대공2팩,"49,900원","44,910원",http://hsmoa.com/i?id=8286482&from=web_timeline
468,4시46분~5시31분,bshop,삼육 검은콩과 칼슘두유 105팩 세트,"45,900원","44,900원",http://hsmoa.com/i?id=8288643&from=web_timeline
469,,bshop,검은콩과칼슘 15팩 1박스,,"15,000원",http://hsmoa.com/i?id=8288644&from=web_timeline
470,,bshop,삼육두유 파우치 15팩 1박스,,"13,000원",http://hsmoa.com/i?id=8288645&from=web_timeline
471,4시52분~5시02분,lotteonetv,[R]삼육검은콩과칼슘 두유105팩세트(검은콩과칼슘75팩+삼육파우치30팩),"45,900원","44,900원",http://hsmoa.com/i?id=8287388&from=web_timeline
472,5시05분~6시05분,immall,친환경영양담은누룽지60봉+8봉(최다구성),"40,900원","39,900원",http://hsmoa.com/i?id=8284607&from=web_timeline
473,5시30분~6시00분,cjmall,보나뚜라 홍삼정25수秀 3box 10mlx90포 3개월분,"168,000원","148,000원",http://hsmoa.com/i?id=8285202&from=web_timeline
474,,cjmall,보나뚜라 홍삼정25수秀 1box 10mlx30 포,,"128,000원",http://hsmoa.com/i?id=8285203&from=web_timeline
475,5시30분~6시00분,gsshop,[쿠키아] 뚜부과자 총 13봉(오곡8봉+뚜부3봉+갓뚜부2봉),,"29,900원",http://hsmoa.com/i?id=8287260&from=web_timeline
476,5시55분~6시15분,kshop,형제덕장 황태_10미,"27,900원","26,900원",http://hsmoa.com/i?id=8288547&from=web_timeline
477,6시00분~7시25분,nsmall,[5% 조조할인](무이자)프리바이오틱스 FOS 플러스 9박스(9개월분)+프로바이오틱스 3박스(3개월분),"169,100원","152,190원",http://hsmoa.com/i?id=8284822&from=web_timeline
478,,nsmall,[5% 조조할인](일시불)프리바이오틱스 FOS 플러스 9박스(9개월분)+프로바이오틱스 3박스(3개월분),,"143,190원",http://hsmoa.com/i?id=8284823&from=web_timeline
479,6시05분~7시15분,immall,김연도 웰빙 혼합곡 + 옹기 미니쌀독,"54,900원","53,900원",http://hsmoa.com/i?id=8284608&from=web_timeline
480,6시15분~7시15분,lottemall,"[9월 최다구성] 마추픽추 카카오닙스 5통(270g*5통, 총 1,350g)+2통(270g*2통, 총 540g)+카카오티 2박스(2g*15티백*2박스)",,"108,000원",http://hsmoa.com/i?id=8289122&from=web_timeline
481,,lottemall,"[9월 최다구성] 마추픽추 카카오닙스 10통(270g*10통, 총 2,700g)+4통(270g*4통, 총 1,080g)+카카오티 4박스(2g*15티백*4박스)",,"197,000원",http://hsmoa.com/i?id=8289123&from=web_timeline
482,6시31분~7시31분,bshop,[프리미엄 고지베리 구기자] 총 8박스 (16통),"79,000원","78,000원",http://hsmoa.com/i?id=8288647&from=web_timeline
483,,bshop,"[단품] 프리미엄 고지베리 구기자 (1박스, 총2통)",,"38,000원",http://hsmoa.com/i?id=8288648&from=web_timeline
484,7시15분~8시15분,cjmall,황성주맷돌두유 검은콩과 검은참깨 60팩+검은콩과17곡 40팩 국산,"55,900원","49,900원",http://hsmoa.com/i?id=8284331&from=web_timeline
485,,cjmall,[이롬]황성주 박사의 국내산100% 검은콩 고칼슘 두유 1박스16입,,"17,800원",http://hsmoa.com/i?id=8284332&from=web_timeline
486,,cjmall,[이롬]황성주박사의 1일1생식 4주,,"99,000원",http://hsmoa.com/i?id=8284333&from=web_timeline
487,,cjmall,[이롬]황성주박사의 1일1생식 8주,,"198,000원",http://hsmoa.com/i?id=8284335&from=web_timeline
488,7시15분~8시15분,immall,[한삼인] 안심황혈단 총 40환,"129,000원","128,000원",http://hsmoa.com/i?id=8282771&from=web_timeline
489,7시25분~8시20분,nsmall,[5% 조조할인]관절팔팔 총 6병/3개월분,"188,100원","178,690원",http://hsmoa.com/i?id=8285862&from=web_timeline
490,8시14분~9시14분,lotteonetv,브라질 너트 10팩,"78,900원","77,900원",http://hsmoa.com/i?id=8287392&from=web_timeline
491,8시15분~9시25분,gsshop,★추석 전 마지막 생방송★[이경제의 더힘찬]홍삼품은 장어 120포 (60ml*30포*4박스),"159,000원","158,000원",http://hsmoa.com/i?id=8282487&from=web_timeline
492,9시25분~10시25분,cjmall,[정관장화애락큐]여배우 김성령의 갱년기관리국내산 100% 1박스,,"130,000원",http://hsmoa.com/i?id=8284336&from=web_timeline
493,,cjmall,[정관장화애락큐]김성령의 갱년기관리정관장 화애락큐 3박스,,"390,000원",http://hsmoa.com/i?id=8284337&from=web_timeline
494,9시25분~10시25분,gsshop,17년 대세 보이차다이어트 12주분+링곤베리 3통 더,,"168,000원",http://hsmoa.com/i?id=8281964&from=web_timeline
495,9시50분~10시30분,hnsmall,[리얼세븐]하루건강견과 프리미엄 2박스+하루건강견과 엑설런트 2박스 총 100봉,"69,900원","62,910원",http://hsmoa.com/i?id=8281989&from=web_timeline
496,,hnsmall,"팔레오 오메가 사차인치 세트(총1,440g)","119,000원","107,100원",http://hsmoa.com/live?site=hnsmall&id=8285214&from=web_timeline
497,,immall,무안 자색양파즙 180포,"62,900원","61,900원",http://hsmoa.com/live?site=immall&id=8284955&from=web_timeline
498,11시16분~12시16분,kshop,CJ BYO 장 유산균[CJLP-243]캡슐형 6병 12개월분 한국형 유산,"79,000원","78,000원",http://hsmoa.com/i?id=8288555&from=web_timeline
499,11시40분~12시30분,immall,명미당 밥알떡 현미 30개 + 쑥30개 since1969,"40,900원","39,900원",http://hsmoa.com/i?id=8286099&from=web_timeline
500,11시45분~12시05분,gsmyshop,[MYSHOP] [종가집] 갓김치 2kg+파김치 1kg+열무김치 1kg,"40,900원","39,900원",http://hsmoa.com/i?id=8283307&from=web_timeline
501,12시26분~13시26분,shopnt,"무안 자색 양파즙 (총 130팩, 4박스)","49,900원","45,900원",http://hsmoa.com/i?id=8286259&from=web_timeline
502,12시30분~13시20분,immall,어된장2세트(新)-어된장900g*6병 +어간장490ml*2병 +발효멸치액490ml*2병,"59,900원","58,900원",http://hsmoa.com/i?id=8282772&from=web_timeline
503,,immall,어된장 세트(新)-어된장900g*3통 + 어간장490ml*1통 + 발효멸치액490ml*1병,,"48,900원",http://hsmoa.com/i?id=8282774&from=web_timeline
504,13시17분~13시37분,kshop,[총120알] 수라방 두텁떡 5종세트(40알 X 3박스),"40,900원","37,900원",http://hsmoa.com/i?id=8288557&from=web_timeline
505,13시20분~14시10분,immall,[바다맘]국내산 순살 갈치(200g*10팩)+국내산 순살 삼치(150g*5팩)/총 15팩,"45,900원","44,900원",http://hsmoa.com/i?id=8282775&from=web_timeline
506,13시26분~13시35분,shopnt,[농마드] 청도 반건시 20개+20개 2세트 (60g) [테마_방송],"47,900원","44,900원",http://hsmoa.com/i?id=8285638&from=web_timeline
507,,shopnt,[농마드] 청도 반건시 20개(60g) [테마_방송],,"26,900원",http://hsmoa.com/i?id=8285639&from=web_timeline
508,14시10분~15시00분,immall,구삼 한뿌리 1+1세트 20개,"119,000원","118,000원",http://hsmoa.com/i?id=8282776&from=web_timeline
509,,immall,구삼 한뿌리 1세트 10개,,"68,000원",http://hsmoa.com/i?id=8282777&from=web_timeline
510,14시26분~14시46분,gsmyshop,제주직송 돌밭하우스감귤 2.5kg + 2.5Kg,"42,900원","39,900원",http://hsmoa.com/i?id=8283695&from=web_timeline
511,14시40분~15시35분,nsmall,[10%세일(~9/18)](무이자)정관장 홍삼활력PLUS 총 7박스/7개월분+쇼핑백 7장,"304,200원","288,040원",http://hsmoa.com/i?id=8284825&from=web_timeline
512,,nsmall,[10%세일(~9/18)](일시불)정관장 홍삼활력PLUS 총 7박스/7개월분+쇼핑백 7장,,"293,200원",http://hsmoa.com/i?id=8284826&from=web_timeline
513,15시10분~15시40분,gsshop,간편한 하루 해초샐러드 총 30팩+양념장,"59,900원","58,900원",http://hsmoa.com/i?id=8281965&from=web_timeline
514,15시50분~16시40분,immall,산애삼 1~2년근삼 100뿌리+10뿌리,"49,900원","48,900원",http://hsmoa.com/i?id=8282779&from=web_timeline
515,16시10분~16시50분,hnsmall,금강 자연산 다슬기 진국 10+1팩 (팩당 350g),"49,900원","44,910원",http://hsmoa.com/i?id=8282000&from=web_timeline
516,16시30분~18시30분,cjmall,김나운 갈비살 名作 11팩,"70,900원","69,900원",http://hsmoa.com/i?id=8285946&from=web_timeline
517,,cjmall,김나운 갈비살 名作 1팩,,"12,000원",http://hsmoa.com/i?id=8285948&from=web_timeline
518,,cjmall,[손질새우 20마리] 김나운 더 키친 손질새우,,"10,000원",http://hsmoa.com/i?id=8285949&from=web_timeline
519,16시30분~17시10분,nsmall,간잽이 이동삼 안동 간고등어 100gX32팩,"38,900원","31,500원",http://hsmoa.com/i?id=8284827&from=web_timeline
520,,nsmall,간잽이 이동삼 안동 간고등어 100gX20팩,,"25,110원",http://hsmoa.com/i?id=8284829&from=web_timeline
521,16시40분~17시40분,gsshop,[대한민국 명장] 장석준 프리미엄 명란 120g 10팩 (총 1.2kg),"79,900원","78,900원",http://hsmoa.com/i?id=8281967&from=web_timeline
522,16시40분~17시40분,immall,사옹원명절모둠전 5종 총9팩,"49,900원","48,900원",http://hsmoa.com/i?id=8287043&from=web_timeline
523,17시10분~17시50분,nsmall,생강품은 도라지 배착즙 4박스/132포,"69,900원","56,610원",http://hsmoa.com/i?id=8284830&from=web_timeline
524,,nsmall,생강품은 도라지 배착즙 1박스/30포,,"21,600원",http://hsmoa.com/i?id=8284831&from=web_timeline
525,17시18분~18시38분,lotteonetv,이봉원의 소갈비살구이 7팩 + 안창살구이 1팩 (총 3.8kg),"69,900원","68,900원",http://hsmoa.com/i?id=8287290&from=web_timeline
526,17시19분~18시20분,wshop,탐해진미 제주은갈치 45토막,"59,900원","58,900원",http://hsmoa.com/i?id=8287929&from=web_timeline
527,17시33분~18시10분,hnsmall,국내산 100% 부드러운 흑미 20kg (4kg x 5봉),"54,900원","49,410원",http://hsmoa.com/i?id=8286017&from=web_timeline
528,,hnsmall,친환경 무농약 100% 국내산 쌀 20kg (10kg+10kg),,"53,910원",http://hsmoa.com/i?id=8286019&from=web_timeline
529,,hnsmall,국내산 100% 부드러운 흑미 12kg (4kg x 3봉),,"31,410원",http://hsmoa.com/i?id=8286018&from=web_timeline
530,17시34분~18시34분,bshop,"거문도해풍쑥송편 + 거문도해풍쑥개떡 세트 (총 104개, 8봉)","39,900원","38,900원",http://hsmoa.com/i?id=8288667&from=web_timeline
531,17시40분~19시35분,hmall,(직)정준하의 야무지게 맛있는 바베큐 폭립 세트,,"69,900원",http://hsmoa.com/i?id=8284431&from=web_timeline
532,,hmall,정준하의 육개장 칼국수(매운맛 7팩+순한맛 7팩+칼국수면 10개),,"59,900원",http://hsmoa.com/i?id=8286772&from=web_timeline
533,,hmall,정준하의 매운맛 육개장 7팩,,"49,900원",http://hsmoa.com/i?id=8286773&from=web_timeline
534,,hmall,정준하의 순한맛 육개장 7팩,,"49,900원",http://hsmoa.com/i?id=8286774&from=web_timeline
535,,hmall,정준하의 야무지게 맛있는 베리후르츠 바베큐 폭립 1팩(450g),,"17,000원",http://hsmoa.com/i?id=8284429&from=web_timeline
536,,hmall,정준하의 야무지게 맛있는 레드 스파이시 폭립 1팩(450g),,"18,000원",http://hsmoa.com/i?id=8284430&from=web_timeline
537,17시40분~18시39분,hmallplus,고박사 간고등어 대사이즈(150g) 32마리,,"35,900원",http://hsmoa.com/i?id=8287240&from=web_timeline
538,17시45분~18시15분,cjmallplus,[러시안레드스노우크랩 2kg] 크랩6팩+레그1팩,"104,000원","93,000원",http://hsmoa.com/i?id=8287603&from=web_timeline
539,17시50분~18시40분,lottemall,강강술래 황제 갈비살 300g X 11팩,,"68,900원",http://hsmoa.com/i?id=8287988&from=web_timeline
540,17시50분~18시35분,nsmall,이종임의 LA갈비 500gX7팩,"79,900원","71,010원",http://hsmoa.com/i?id=8284833&from=web_timeline
541,18시07분~18시27분,gsmyshop,[마캐는젊은농부들]마분말10g×30봉×1박스/총6박스(1.8kg),,"60,900원",http://hsmoa.com/i?id=8282428&from=web_timeline
542,18시15분~18시45분,cjmallplus,김순덕 영광 모시떡 10봉총 100개,"39,900원","38,900원",http://hsmoa.com/i?id=8287604&from=web_timeline
543,18시20분~19시20분,wshop,종근당건강 프로메가 아이플러스 오메가3 ★1년 2개월 분량★,"99,000원","94,000원",http://hsmoa.com/i?id=8287930&from=web_timeline
544,18시32분~19시32분,shopnt,쉐프 구본길의 양념갈비찜 7팩 + 알꼬리찜 3팩 (총 10팩),"79,900원","78,900원",http://hsmoa.com/i?id=8285646&from=web_timeline
545,18시37분~19시37분,kshop,[비비고]왕교자 7+김치교자 3+고추깻잎 2+왕빠오즈 7+물만두 1,"40,900원","37,900원",http://hsmoa.com/i?id=8288563&from=web_timeline
546,18시38분~19시38분,lotteonetv,삼육검은콩과칼슘 두유105팩세트(검은콩과칼슘75팩+삼육파우치30팩),"45,900원","44,900원",http://hsmoa.com/i?id=8287397&from=web_timeline
547,18시40분~19시39분,hmallplus,두리담 모시동부송편11팩(팩당40g*10개/총110개),,"39,900원",http://hsmoa.com/i?id=8286932&from=web_timeline
548,,hmallplus,두리담 모시동부송편7팩 + 모시참깨송편2팩 + 모시개떡2팩(팩당40g*10개/총110개),,"39,900원",http://hsmoa.com/i?id=8286933&from=web_timeline
549,18시40분~19시40분,immall,강봉석 명인의 조청 고추장 만들기,"59,900원","58,900원",http://hsmoa.com/i?id=8286328&from=web_timeline
550,19시29분~20시29분,gsmyshop,홍진경 더김치 포기김치 7kg,"40,900원","39,900원",http://hsmoa.com/i?id=8282429&from=web_timeline
551,19시30분~20시10분,hnsmall,[윤상섭 갈비] LA갈비 6팩 + 갈비찜 3팩(총 9팩),"69,900원","62,910원",http://hsmoa.com/i?id=8286758&from=web_timeline
552,19시35분~20시40분,gsshop,간편한 스틱형＊정관장 홍삼정마일드 센스 5+1박스,,"365,000원",http://hsmoa.com/i?id=8285990&from=web_timeline
553,19시40분~20시40분,immall,제주은갈치 11미+굴비 10미+고등어10팩,"60,900원","59,900원",http://hsmoa.com/i?id=8285930&from=web_timeline
554,20시10분~20시50분,hnsmall,"[완도활전복] 대전복 24미 + 전복장 2캔 증정 (마리당 65~80g, 총 1.56kg)","69,900원","62,910원",http://hsmoa.com/i?id=8282006&from=web_timeline
555,,hnsmall,[완도활전복] 꼬마 전복 세트,,"26,910원",http://hsmoa.com/i?id=8283397&from=web_timeline
556,,hnsmall,"[완도활전복] 중전복 32미 (마리당 50~60g, 총 1.60kg)",,"62,910원",http://hsmoa.com/i?id=8283398&from=web_timeline
557,21시30분~22시10분,hnsmall,황성주 발아 약콩 두유 총 100팩!!,"54,900원","49,410원",http://hsmoa.com/i?id=8283399&from=web_timeline
558,21시45분~22시40분,immall,[특집]국내산 손질꽃게 9팩,"54,900원","53,900원",http://hsmoa.com/i?id=8285671&from=web_timeline
559,22시40분~23시45분,immall,[★홈쇼핑 유일 국내산★] 우리소 LA갈비 400g×10팩,"70,900원","69,900원",http://hsmoa.com/i?id=8286010&from=web_timeline
560,22시45분~23시50분,cjmall,[상시] 정관장 홍삼대보 프리미엄 본품 5박스 + 추가구성 2박스,,"301,500원",http://hsmoa.com/i?id=8284341&from=web_timeline
561,,cjmall,[정관장]건강기능식품 홍삼대보 프리미엄 본품으로만 1박스,,"67,000원",http://hsmoa.com/i?id=8284342&from=web_timeline
562,23시37분~23시57분,kshop,형제덕장 황태_10미,"27,900원","26,900원",http://hsmoa.com/i?id=8288568&from=web_timeline
